tweet_id,score_mean,score_std,score_k
211281973870727170,0.25,0.0,1
211557401231495171,0.5,0.0,1
211565974422425600,0.75,0.0,1
211607187653533697,0.5,0.0,1
211654415503990784,0.5,0.0,1
211671247258521602,0.25,0.0,1
211681309368655872,0.25,0.0,1
211685621125742592,0.25,0.0,1
211703656611979265,0.25,0.0,1
211732966416719873,0.25,0.0,1
211790625530593282,0.25,0.0,1
211830756614475777,0.25,0.0,1
211848238465159170,0.25,0.0,1
211877049147736064,0.25,0.0,1
211884082991333376,0.75,0.0,1
211893016892424192,0.5,0.0,1
211904811250089984,0.5,0.0,1
211910322582335488,0.75,0.0,1
211931512180965378,0.5,0.0,1
211958091485417473,0.5,0.0,1
211964198396231680,0.5,0.0,1
211964315853524993,0.75,0.0,1
211968233312485378,0.5,0.0,1
211971932697010178,0.75,0.0,1
211976521278164993,0.5,0.0,1
211991952135172098,0.5,0.0,1
212000114246553600,0.5,0.0,1
212002932818841602,0.5,0.0,1
212019143803797505,0.25,0.0,1
212023103197421569,0.25,0.0,1
212025686918049793,0.25,0.0,1
212032414564880384,0.5,0.0,1
212046599696826369,0.5,0.0,1
212061829235613698,0.25,0.0,1
212099863171710976,0.25,0.0,1
212137133736075264,0.25,0.0,1
212158197543337984,0.25,0.0,1
212169203422199808,0.25,0.0,1
212176367289253888,0.25,0.0,1
212185569588035585,0.25,0.0,1
212197095518633984,0.25,0.0,1
212200052511342594,0.25,0.0,1
212201952547840000,0.25,0.0,1
212202460046049280,0.5,0.0,1
212212127929344001,0.5,0.0,1
212214560617275392,0.25,0.0,1
212221690904723458,0.5,0.0,1
212227898512388096,0.25,0.0,1
212228347286130689,0.25,0.0,1
212231669170716672,0.25,0.0,1
212231891477217283,0.5,0.0,1
212242750534451200,0.5,0.0,1
212298199229149184,0.25,0.0,1
212306336183091200,0.25,0.0,1
212311709082337281,0.5,0.0,1
212311994286620672,0.0,0.0,1
212315735609966592,0.5,0.0,1
212319443383103488,0.25,0.0,1
212337210442264576,0.75,0.0,1
212364712506163201,0.5,0.0,1
212365530391252993,0.25,0.0,1
212373109477617664,0.25,0.0,1
212377068904787969,0.25,0.0,1
212384295719931904,0.5,0.0,1
212414263984275456,0.25,0.0,1
212429443170435072,0.25,0.0,1
212441208226717697,0.25,0.0,1
212452734148939776,0.5,0.0,1
212462741770862592,0.25,0.0,1
212525333348491264,0.25,0.0,1
212539984052363265,0.25,0.0,1
212552097219100673,0.75,0.0,1
212552860590813184,0.5,0.0,1
212559890248499200,0.5,0.0,1
212579779608719362,0.25,0.0,1
212582216503533569,0.25,0.0,1
212587354542706688,0.25,0.0,1
212590940664238080,0.25,0.0,1
212595864772952064,0.25,0.0,1
212604953846480896,0.25,0.0,1
212612847501455361,0.25,0.0,1
212615137604018177,0.75,0.0,1
212617058616225792,0.5,0.0,1
212617469645438976,0.25,0.0,1
212632141304041473,0.5,0.0,1
212659349779267584,0.25,0.0,1
212660335415529475,0.25,0.0,1
212670988956090371,0.25,0.0,1
212678790353137664,0.75,0.0,1
212679595655299072,0.5,0.0,1
212692916794163200,0.25,0.0,1
212700856590671874,0.25,0.0,1
212706464366727169,0.25,0.0,1
212824504689360896,0.25,0.0,1
212841818780467200,0.25,0.0,1
212847162315382785,0.25,0.0,1
212847581733208064,0.25,0.0,1
212887096262791168,0.25,0.0,1
212937008484589570,0.5,0.0,1
212970143511363587,0.25,0.0,1
213002380910927874,0.25,0.0,1
213003463032963072,0.25,0.0,1
213007598637678592,0.25,0.0,1
213015790109196288,0.5,0.0,1
213047834579173377,0.5,0.0,1
213070509003374592,0.5,0.0,1
213125177540739072,0.25,0.0,1
213138934887223296,0.25,0.0,1
213266525606526977,0.25,0.0,1
213275195224494080,0.5,0.0,1
213295311106482178,0.25,0.0,1
213303712284811264,0.75,0.0,1
213307550081359872,0.25,0.0,1
213336062980915200,0.5,0.0,1
213348184506908673,0.75,0.0,1
213356292113305600,0.5,0.0,1
213373622943891457,0.5,0.0,1
213384297481113602,0.25,0.0,1
213391209673134080,0.25,0.0,1
213413158474358784,0.25,0.0,1
213416409043181568,0.25,0.0,1
213469647377408000,0.25,0.0,1
213470175830351872,0.25,0.0,1
213553466344341504,0.25,0.0,1
213597628162777088,0.25,0.0,1
213627768435519488,0.5,0.0,1
213662769889812482,0.25,0.0,1
213671603081457664,0.25,0.0,1
213689735082807296,0.5,0.0,1
213702829674741761,0.75,0.0,1
213748442739118080,0.5,0.0,1
213751626211667968,0.5,0.0,1
213824988795518976,0.5,0.0,1
213967951626383360,0.25,0.0,1
214012344139911168,0.75,0.0,1
214044891943145472,0.25,0.0,1
214131592413712385,0.25,0.0,1
214164312175026177,0.25,0.0,1
214168795881811969,0.25,0.0,1
214182184104370176,0.25,0.0,1
214194607657992192,0.5,0.0,1
214201167515885568,0.25,0.0,1
214226740220928000,0.25,0.0,1
214349314556821504,0.25,0.0,1
214350006621192192,0.25,0.0,1
214385830171648000,0.25,0.0,1
214425449537867776,0.75,0.0,1
214426300994162688,0.75,0.0,1
214479962911154176,0.25,0.0,1
214485545521385473,0.5,0.0,1
214490071183802368,0.5,0.0,1
214509692133703683,0.75,0.0,1
214570425664024576,0.5,0.0,1
214672162693451777,0.75,0.0,1
214713954734317569,0.75,0.0,1
214722393673969665,0.75,0.0,1
214745932141563913,0.5,0.0,1
214794103693643776,0.75,0.0,1
214826689233027072,0.25,0.0,1
214829348434345986,0.25,0.0,1
214850416427548672,0.25,0.0,1
214886101553397760,0.5,0.0,1
214915876930068481,0.25,0.0,1
214917449777295365,0.25,0.0,1
214949230027096064,0.75,0.0,1
215011481916424193,0.5,0.0,1
215023850889547776,0.25,0.0,1
215062358802968576,0.5,0.0,1
215079349928476673,0.5,0.0,1
215119355187445760,0.25,0.0,1
215127597007384578,0.25,0.0,1
215138435093110784,0.5,0.0,1
215174099247435776,0.25,0.0,1
215249416393719808,0.5,0.0,1
215317343130238976,0.25,0.0,1
215352826958843904,0.25,0.0,1
215449295938265089,0.5,0.0,1
215465313989427200,0.5,0.0,1
215543047017074690,0.25,0.0,1
215578157523275776,0.25,0.0,1
215763893904089088,0.5,0.0,1
215806621253771266,0.25,0.0,1
215815987151376385,0.25,0.0,1
215821620097462272,0.25,0.0,1
215855174546231296,0.75,0.0,1
215869691003011072,0.75,0.0,1
216199195542036481,0.25,0.0,1
216262361781248003,0.5,0.0,1
216267445248331778,0.5,0.0,1
216305818927251456,0.75,0.0,1
216336307352371200,0.5,0.0,1
216342460396343297,0.25,0.0,1
216349737488621568,0.5,0.0,1
216366107873914880,0.5,0.0,1
216550187492057088,0.5,0.0,1
216608731599872000,0.25,0.0,1
216650766893596672,0.25,0.0,1
216654818595450882,0.25,0.0,1
216664859759214592,0.5,0.0,1
216685898392276992,0.75,0.0,1
216743465193713664,0.25,0.0,1
216749215613857792,0.25,0.0,1
216759722336980992,0.5,0.0,1
216774209446215680,0.75,0.0,1
216868350607884288,0.25,0.0,1
216900122443923456,0.25,0.0,1
216920003461648385,0.5,0.0,1
216934155034963969,0.25,0.0,1
216941084033560577,0.25,0.0,1
216951989232349184,0.75,0.0,1
216958289055977473,0.25,0.0,1
216961334129078272,0.25,0.0,1
216962340774617089,0.25,0.0,1
216979315110318080,0.25,0.0,1
216983274558464000,0.75,0.0,1
216984293770141696,0.75,0.0,1
217008167752699904,0.5,0.0,1
217019005830049793,0.25,0.0,1
217030749856088066,0.25,0.0,1
217039595639029760,0.25,0.0,1
217048223334932480,0.25,0.0,1
217074429367304194,0.25,0.0,1
217079399613337602,0.25,0.0,1
217088622871060480,0.25,0.0,1
217101704905232385,0.25,0.0,1
217103105794375680,0.25,0.0,1
217258538316210177,0.25,0.0,1
217273864303034369,0.25,0.0,1
217276200555528192,0.5,0.0,1
217291211961147393,0.25,0.0,1
217305728438902786,0.25,0.0,1
217351928705847297,0.5,0.0,1
217352981446787072,0.25,0.0,1
217393586537377792,0.75,0.0,1
217409776542433281,0.75,0.0,1
217420929200959488,0.5,0.0,1
217429728829784064,0.5,0.0,1
217458048770375681,0.5,0.0,1
217462574432780289,0.5,0.0,1
217479968219873280,0.5,0.0,1
217481515918049280,0.25,0.0,1
217569856327909376,0.25,0.0,1
217579473883762689,0.25,0.0,1
217634977108602880,0.25,0.0,1
217641411166740481,0.25,0.0,1
217663359955378177,0.25,0.0,1
217679969407602688,0.25,0.0,1
217680296563326978,0.75,0.0,1
217691780571856896,0.75,0.0,1
217707215602192384,0.25,0.0,1
217720503148888065,0.5,0.0,1
217724286427860992,0.5,0.0,1
217728396854177793,0.5,0.0,1
217730775020343297,0.75,0.0,1
217732012314861568,0.5,0.0,1
217733576786055168,0.5,0.0,1
217742238061563904,0.25,0.0,1
217744012214403074,0.25,0.0,1
217744670753689603,0.25,0.0,1
217744897220943873,0.5,0.0,1
217745157259395073,0.5,0.0,1
217745538941071361,0.25,0.0,1
217746356842926080,0.5,0.0,1
242997841134505985,0.25,0.0,1
243121539552256001,0.25,0.0,1
243198739882332161,0.25,0.0,1
243203924050448384,0.25,0.0,1
243361298518249473,0.25,0.0,1
243361642447007744,0.5,0.0,1
243361697002299392,0.25,0.0,1
243361759912681472,0.25,0.0,1
243362053518131200,0.25,0.0,1
243362175148773377,0.25,0.0,1
243362288403369984,0.25,0.0,1
243362649100931072,0.25,0.0,1
243362783322861568,0.25,0.0,1
243362997215571968,0.25,0.0,1
243363055944232960,0.25,0.0,1
243363244704677888,0.25,0.0,1
243363487944937472,0.25,0.0,1
243363655750656001,0.25,0.0,1
243363672506896384,0.25,0.0,1
243363680916488192,0.25,0.0,1
243363781554606080,0.75,0.0,1
243363907387928576,0.25,0.0,1
243364184228757504,0.25,0.0,1
243364263891189760,0.25,0.0,1
243364461027659780,0.25,0.0,1
243364704293117952,0.25,0.0,1
243365094396928001,0.25,0.0,1
243365140496539651,0.25,0.0,1
243365165695922176,0.25,0.0,1
243365371187429377,0.25,0.0,1
243365413155643393,0.25,0.0,1
243365736121245697,0.75,0.0,1
243365824180662272,0.25,0.0,1
243366331687256065,0.25,0.0,1
243366520439332865,0.25,0.0,1
243366767903264768,0.5,0.0,1
243367116034670592,0.75,0.0,1
243367120228974594,0.25,0.0,1
243367229297676289,0.25,0.0,1
243367720022855680,0.25,0.0,1
243367816496029696,0.25,0.0,1
243368005214552064,0.75,0.0,1
243368013594779648,0.25,0.0,1
243368231706963969,0.25,0.0,1
243368294621532160,0.75,0.0,1
243368676298993666,0.25,0.0,1
243368693072023552,0.25,0.0,1
243368793773068289,0.25,0.0,1
243368881853431810,0.25,0.0,1
243368961511677953,0.25,0.0,1
243369246757904385,0.25,0.0,1
243369351581925377,0.25,0.0,1
243369645195792384,0.25,0.0,1
243369833931104256,0.5,0.0,1
243370001694871553,0.25,0.0,1
243370001707458561,0.25,0.0,1
243370110771945472,0.25,0.0,1
243370358244274176,0.25,0.0,1
243370475663806464,0.25,0.0,1
243370685391597568,0.25,0.0,1
243371167740747776,0.25,0.0,1
243371213882261505,0.25,0.0,1
243371243221426176,0.25,0.0,1
243371620700401665,0.25,0.0,1
243371809460854784,0.25,0.0,1
243371897553817600,0.25,0.0,1
243371905946615808,0.25,0.0,1
243371989832695808,0.75,0.0,1
243372056903815168,0.5,0.0,1
243372182737154048,0.25,0.0,1
243372316963254273,0.75,0.0,1
243372363088003072,0.25,0.0,1
243372774167552000,0.25,0.0,1
243373340386025473,0.25,0.0,1
243373348787208193,0.25,0.0,1
243373562663161856,0.25,0.0,1
243373579448754177,0.25,0.0,1
243373805941182464,0.25,0.0,1
243374053396738049,0.25,0.0,1
243374590288592896,0.25,0.0,1
243375215244095488,0.25,0.0,1
243375504625905664,0.25,0.0,1
243375546594119680,0.75,0.0,1
243375571747360768,0.75,0.0,1
243375852753141760,0.75,0.0,1
243375861137539073,0.25,0.0,1
243376070861144064,0.25,0.0,1
243376377057902592,1.0,0.0,1
243376779690123264,0.25,0.0,1
243376792289828864,0.25,0.0,1
243377224290562048,0.25,0.0,1
243377597612969984,0.5,0.0,1
243377601790480384,0.5,0.0,1
243377631142215680,0.25,0.0,1
243377807307190272,0.75,0.0,1
243377845072715777,0.25,0.0,1
243377979273666560,0.5,0.0,1
243378377719955456,0.5,0.0,1
243378847502962688,0.5,0.0,1
243379346616770560,0.25,0.0,1
243379438908219392,0.25,0.0,1
243379824775819264,0.5,0.0,1
243380223213711360,0.25,0.0,1
243381145994133504,0.5,0.0,1
243381598978981888,0.25,0.0,1
243381871591972865,0.25,0.0,1
243382043554234370,0.25,0.0,1
243382324589367296,0.5,0.0,1
243383138254999552,0.25,0.0,1
243383633216409600,0.25,0.0,1
243383729668640768,0.25,0.0,1
243383784194580480,0.25,0.0,1
243384031645925376,0.25,0.0,1
243384174285844480,0.25,0.0,1
243384476254756864,0.25,0.0,1
243385008943923200,0.25,0.0,1
243386724422672385,0.25,0.0,1
243387449999515651,0.25,0.0,1
243388049797574657,0.25,0.0,1
243388116906426368,0.25,0.0,1
243389396185931776,0.25,0.0,1
243389861741068288,0.25,0.0,1
243390297936130048,0.5,0.0,1
243390360884232192,0.5,0.0,1
243390792889163776,0.25,0.0,1
243391937929945088,0.25,0.0,1
243393980551811072,0.25,0.0,1
243394387386703872,0.25,0.0,1
243394697765199872,0.5,0.0,1
243396241285861376,0.25,0.0,1
243397562474844160,0.25,0.0,1
243397809968140288,0.25,0.0,1
243397910606274560,0.25,0.0,1
243398938219139072,0.25,0.0,1
243399592530563073,0.25,0.0,1
243401194737901569,0.25,0.0,1
243401379312459776,0.25,0.0,1
243403535193096192,0.5,0.0,1
243404004917379073,0.25,0.0,1
243405867192561664,0.25,0.0,1
243407440081739777,0.25,0.0,1
243407784014643201,0.75,0.0,1
243408136311029760,0.25,0.0,1
243409243628257280,0.75,0.0,1
243409293934723072,0.75,0.0,1
243410216681619456,0.5,0.0,1
243411898605907968,0.5,0.0,1
243413102383755264,0.25,0.0,1
243413475681001473,0.25,0.0,1
243414822031589376,0.25,0.0,1
243417254748893184,0.25,0.0,1
243419578393321472,0.25,0.0,1
243419783897436161,0.75,0.0,1
243425169387970560,0.25,0.0,1
243425253286637568,0.25,0.0,1
243426079547723776,0.25,0.0,1
243426675155685377,0.25,0.0,1
243427237188210688,0.75,0.0,1
243430772973907969,0.25,0.0,1
243431494389993472,0.25,0.0,1
243433738351022080,0.25,0.0,1
243435076325609474,0.25,0.0,1
243436699517071360,0.25,0.0,1
243437060227223552,0.25,0.0,1
243443297190821888,0.25,0.0,1
243444878439231488,0.25,0.0,1
243445671158489089,0.25,0.0,1
243449668338597889,0.25,0.0,1
243455976546656256,0.25,0.0,1
243461806629203969,0.25,0.0,1
243467544449662976,0.5,0.0,1
243478046978473986,0.25,0.0,1
243478848094756864,0.75,0.0,1
243491720426307584,0.25,0.0,1
243496669692432384,0.25,0.0,1
243505574208237568,0.25,0.0,1
243506920592392192,0.25,0.0,1
243520291995791360,0.25,0.0,1
243529741800468481,0.25,0.0,1
243532572930498560,0.25,0.0,1
243536058388733953,0.25,0.0,1
243556706976686080,0.25,0.0,1
243563099095973888,0.25,0.0,1
243585987387719680,0.25,0.0,1
243604408787681280,0.25,0.0,1
243615632724213760,0.25,0.0,1
243626894459797504,0.5,0.0,1
243627842355744768,0.25,0.0,1
243652869776089089,0.25,0.0,1
243661325476167682,0.25,0.0,1
243679361000153088,0.25,0.0,1
243682452202217473,0.25,0.0,1
243683131692036096,0.25,0.0,1
243687825084653570,0.25,0.0,1
243709228634759169,0.25,0.0,1
243746071401078784,0.25,0.0,1
243851088397234176,0.25,0.0,1
243875360817700864,0.25,0.0,1
243922446086991872,0.25,0.0,1
243967807463768064,0.25,0.0,1
243967958454521856,0.25,0.0,1
243968575038173184,0.25,0.0,1
243968616993808385,0.25,0.0,1
243968738607656960,0.25,0.0,1
243969426469310464,0.25,0.0,1
243969631977611265,0.25,0.0,1
243969803973455872,0.25,0.0,1
243970668000067585,0.25,0.0,1
243970995164176386,0.25,0.0,1
243972182135431168,0.25,0.0,1
243972773528084480,0.25,0.0,1
243979417314009088,0.25,0.0,1
244024363458895872,0.25,0.0,1
244085394776391680,0.25,0.0,1
244094269923676160,0.25,0.0,1
244097768002568192,0.25,0.0,1
244104592135176192,0.25,0.0,1
244127337828986880,0.25,0.0,1
244243939484385280,0.25,0.0,1
244410054885920768,0.75,0.0,1
244420150596603904,0.25,0.0,1
244452702589943808,0.25,0.0,1
244541017854976000,0.25,0.0,1
244541726663000064,0.5,0.0,1
244542703960989696,0.25,0.0,1
244544142607261697,0.25,0.0,1
244556608070373377,0.25,0.0,1
244557337858293760,0.25,0.0,1
244571497836974080,0.25,0.0,1
245096918299066368,0.25,0.0,1
245138609697611776,0.25,0.0,1
245294130270466048,0.25,0.0,1
245689833522098177,0.75,0.0,1
245717721415831552,0.25,0.0,1
245718686105759744,0.25,0.0,1
245775888027877377,0.25,0.0,1
245776676586389504,0.25,0.0,1
245779742605860864,0.25,0.0,1
245830258786451456,0.25,0.0,1
245851830112907264,0.5,0.0,1
246060396052635649,0.25,0.0,1
246508091867295744,0.25,0.0,1
246582595318603779,0.25,0.0,1
246604854460563456,0.25,0.0,1
247215201198436352,0.25,0.0,1
247293697593597952,0.25,0.0,1
248156667257180160,0.25,0.0,1
274317493407981568,0.25,0.0,1
274432077594759169,0.75,0.0,1
274530656321675264,0.25,0.0,1
274660784620052480,0.5,0.0,1
274681584194560000,0.75,0.0,1
274728321307271168,0.75,0.0,1
274843333308850177,0.75,0.0,1
274863314985680896,0.75,0.0,1
275035356942983168,0.25,0.0,1
275043753922789377,0.75,0.0,1
275045104501260288,0.75,0.0,1
275065346233335808,0.5,0.0,1
275084874912784384,0.5,0.0,1
275086229647802368,0.5,0.0,1
275086955249807360,0.25,0.0,1
275091149578985472,0.25,0.0,1
275092319802363906,0.75,0.0,1
275094664414126080,0.25,0.0,1
275095633273171968,0.25,0.0,1
275102369325408257,0.5,0.0,1
275104294515113985,0.25,0.0,1
275105557009018880,0.25,0.0,1
275110934119321600,0.5,0.0,1
275111806505213952,0.5,0.0,1
275117779202494464,0.5,0.0,1
275121851880062976,0.25,0.0,1
275129993032499200,0.25,0.0,1
275131066744983552,0.25,0.0,1
275132912259698689,0.75,0.0,1
275138029298012161,0.75,0.0,1
275139929347067904,0.5,0.0,1
275145688097095680,0.5,0.0,1
275164403098333184,0.25,0.0,1
275189841543716864,0.75,0.0,1
275192215519780865,0.25,0.0,1
275196611141976066,0.5,0.0,1
275209072410759168,0.75,0.0,1
275213048640327680,0.25,0.0,1
275215644893523968,0.25,0.0,1
275216999653707776,0.5,0.0,1
275217511362994176,0.25,0.0,1
275225006605217792,0.5,0.0,1
275229192499634176,0.5,0.0,1
275231293854326784,0.25,0.0,1
275237581124407296,0.5,0.0,1
275241657971130369,0.25,0.0,1
275254710653550592,0.5,0.0,1
275259576058789888,0.25,0.0,1
275261073421115392,0.25,0.0,1
275263749382881280,0.25,0.0,1
275266509226536960,0.5,0.0,1
275267612311695362,0.25,0.0,1
275268048536096769,0.25,0.0,1
275268660896079873,0.25,0.0,1
275269390725951490,0.25,0.0,1
275276646846713857,0.75,0.0,1
275285492642246656,0.5,0.0,1
275339443982987264,0.25,0.0,1
275344145776795648,0.5,0.0,1
275350823117156352,0.5,0.0,1
275362978235297795,0.25,0.0,1
275383752614625283,0.25,0.0,1
275385744909033472,0.25,0.0,1
275398264914857984,0.25,0.0,1
275417453838884864,0.25,0.0,1
275438974821089281,0.25,0.0,1
275441143255285762,0.25,0.0,1
275441470406807552,0.5,0.0,1
275447799611539457,0.5,0.0,1
275448881771327489,0.25,0.0,1
275457463321501697,0.5,0.0,1
275469291242016768,0.5,0.0,1
275470343995527168,0.25,0.0,1
275477331726970881,0.25,0.0,1
275477948285452288,0.25,0.0,1
275478791323787264,0.25,0.0,1
275483572868091904,0.25,0.0,1
275484130681188352,0.25,0.0,1
275499767046471680,0.25,0.0,1
275503827141132288,0.5,0.0,1
275504116569092096,0.25,0.0,1
275511641112731648,0.25,0.0,1
275514455515881472,0.25,0.0,1
275514925269536769,0.25,0.0,1
275524807070736384,0.75,0.0,1
275530729390211072,0.25,0.0,1
275531983508078592,0.75,0.0,1
275533992558723072,0.5,0.0,1
275538346258874368,0.25,0.0,1
275538820215226368,0.25,0.0,1
275539692655628288,0.25,0.0,1
275540019781963777,0.5,0.0,1
275541944975896576,0.5,0.0,1
275544222487158784,0.25,0.0,1
275545925382987776,0.25,0.0,1
275545946341904384,0.25,0.0,1
275552262946975744,0.5,0.0,1
275555492573630464,0.25,0.0,1
275562899731275776,0.25,0.0,1
275567672849223680,0.25,0.0,1
275573913960980480,0.5,0.0,1
275575059005972480,0.25,0.0,1
275575906238607360,0.75,0.0,1
275577646899949568,0.25,0.0,1
275577667875659776,0.5,0.0,1
275581044261019649,0.25,0.0,1
275581262373199872,0.25,0.0,1
275581753106780162,0.75,0.0,1
275584353604616192,0.5,0.0,1
275586526249889793,0.5,0.0,1
275588501767061505,0.25,0.0,1
275590003302739968,0.5,0.0,1
275594730295922688,0.25,0.0,1
275595439137513474,0.5,0.0,1
275600040263827456,0.25,0.0,1
275607627768143872,0.5,0.0,1
275617991910117377,0.5,0.0,1
275629761135525890,0.25,0.0,1
275630755172986880,0.25,0.0,1
275633141719388161,0.25,0.0,1
275648790696964096,0.25,0.0,1
275654616560066560,0.5,0.0,1
275657179271426048,0.5,0.0,1
275660585063022592,0.5,0.0,1
275670412313104385,0.75,0.0,1
275677622321700865,0.25,0.0,1
275680285725716480,0.5,0.0,1
275683800531480577,0.5,0.0,1
275688468808617985,0.25,0.0,1
275690939241074689,0.5,0.0,1
275698631598829569,0.5,0.0,1
275715488506593280,0.25,0.0,1
275715933115404288,0.25,0.0,1
275716184748470272,0.25,0.0,1
275716881023918081,0.75,0.0,1
275718579696066560,0.5,0.0,1
275720005763624960,0.5,0.0,1
275720467158024193,0.5,0.0,1
275720542621941760,0.5,0.0,1
275725785514524672,0.5,0.0,1
275727601664942082,0.25,0.0,1
275728885113581568,0.25,0.0,1
275729430360489984,0.75,0.0,1
275730885792378880,0.75,0.0,1
275736539709972480,0.25,0.0,1
275738049646833664,0.5,0.0,1
275739182125690880,0.5,0.0,1
275742168486928384,0.5,0.0,1
275742843732127745,0.5,0.0,1
275746203369623552,0.25,0.0,1
275747197457403904,0.25,0.0,1
275747793035984898,0.25,0.0,1
275748426375901184,0.25,0.0,1
275750242522116097,0.25,0.0,1
275750573855354880,0.25,0.0,1
275753656660414464,0.75,0.0,1
275754952708722688,0.5,0.0,1
275755632202764288,0.5,0.0,1
275755783193505792,0.25,0.0,1
275755820929646593,0.25,0.0,1
275756030623875072,0.25,0.0,1
275757473493835778,0.25,0.0,1
275758320739045376,0.25,0.0,1
275760120070279168,0.75,0.0,1
275760145257086976,0.25,0.0,1
275762955428192256,0.25,0.0,1
275763051897176064,0.25,0.0,1
275763819458998272,0.25,0.0,1
275764305985683456,0.25,0.0,1
275765815943512064,0.5,0.0,1
275768714232750080,0.25,0.0,1
275771495056285698,0.25,0.0,1
275773457994768384,0.25,0.0,1
275773952910045185,0.75,0.0,1
275774200353026048,0.25,0.0,1
275774422680477696,0.25,0.0,1
275777719403442176,0.5,0.0,1
275780265324974083,0.25,0.0,1
275780831551832066,0.25,0.0,1
275783574630842369,0.25,0.0,1
275784077943123968,0.75,0.0,1
275784837124718592,0.5,0.0,1
275793833915195392,0.5,0.0,1
275795436122537984,0.25,0.0,1
275797776565149696,0.25,0.0,1
275797919137939456,0.75,0.0,1
275798758015512578,0.25,0.0,1
275799273898135553,0.5,0.0,1
275801358479798273,0.5,0.0,1
275801882780381186,0.25,0.0,1
275812926395408384,0.25,0.0,1
275815719772499971,0.25,0.0,1
275817892442943488,0.25,0.0,1
275818798395846656,0.25,0.0,1
275825618346721281,0.25,0.0,1
275829279974096897,0.25,0.0,1
275829418390327296,0.25,0.0,1
275830068499058688,0.25,0.0,1
275830798286979076,0.5,0.0,1
275831779754131456,0.25,0.0,1
275833461699387392,0.5,0.0,1
275833683993317376,0.25,0.0,1
275835311362285568,0.25,0.0,1
275835323970383872,0.25,0.0,1
275836406092414976,0.5,0.0,1
275839576977833984,0.25,0.0,1
275839581197307905,0.25,0.0,1
275841976123920386,0.5,0.0,1
275845188969193472,0.5,0.0,1
275846640194170880,0.5,0.0,1
275851241337282560,0.25,0.0,1
275853208482631681,0.25,0.0,1
275855943164649472,0.75,0.0,1
275856454878130176,0.25,0.0,1
275856941413191680,0.25,0.0,1
275857486672703488,0.25,0.0,1
275857511813349377,0.5,0.0,1
275858384262144000,0.25,0.0,1
275860582056484864,0.25,0.0,1
275860611424997376,0.25,0.0,1
275860741461000192,0.5,0.0,1
275864050758459392,0.25,0.0,1
275866034655858688,0.75,0.0,1
275866043023519744,0.75,0.0,1
275877501895573504,0.75,0.0,1
275878063923949568,0.75,0.0,1
275880635044855809,0.25,0.0,1
275881465483505664,0.5,0.0,1
275881650053869568,0.25,0.0,1
275883940139655168,0.25,0.0,1
275888641971216384,0.25,0.0,1
275888692277694464,0.25,0.0,1
275889229165391872,0.75,0.0,1
275889694703755264,0.25,0.0,1
275890088997691392,0.25,0.0,1
275890592284831744,0.25,0.0,1
275891460505731072,0.5,0.0,1
275892546843078656,0.5,0.0,1
275893306020462593,0.75,0.0,1
275894396547899392,0.5,0.0,1
275898683109801984,0.25,0.0,1
275898817348526080,0.25,0.0,1
275899106730336256,0.75,0.0,1
275899261915369472,0.25,0.0,1
324681353662709760,0.25,0.0,1
324693550694543361,0.75,0.0,1
324694339240460289,1.0,0.0,1
324694565753851904,0.25,0.0,1
324694993551884288,0.75,0.0,1
324695182303961089,0.75,0.0,1
324700584571711488,0.75,0.0,1
324702421668487169,0.25,0.0,1
324702723675144192,1.0,0.0,1
324702774006775809,0.25,0.0,1
324705017925861376,0.25,0.0,1
324706162983448576,0.5,0.0,1
324706708247154690,0.25,0.0,1
324707635196743680,0.25,0.0,1
324707987501494272,0.25,0.0,1
324708104937820160,0.25,0.0,1
324709166121877504,1.0,0.0,1
324709329666183168,0.25,0.0,1
324711640744460288,0.5,0.0,1
324711959515783170,0.75,0.0,1
324712173404299266,0.25,0.0,1
324712861278556160,0.25,0.0,1
324713054245904385,0.5,0.0,1
324713159090921472,0.25,0.0,1
324713222009651200,0.25,0.0,1
324713381376434176,0.25,0.0,1
324713712730660864,0.25,0.0,1
324713976980189185,0.25,0.0,1
324715289801531393,0.25,0.0,1
324715566625611776,0.25,0.0,1
324716732637921280,0.25,0.0,1
324716816523993088,0.25,0.0,1
324716921369022465,0.75,0.0,1
324717542151159810,0.5,0.0,1
324717571477737472,0.25,0.0,1
324717705716457472,0.5,0.0,1
324718703948214272,0.75,0.0,1
324718867530268672,0.25,0.0,1
324719601529270273,0.25,0.0,1
324720117424472064,0.25,0.0,1
324720142586089472,0.25,0.0,1
324720616546631680,0.75,0.0,1
324721056952750080,0.5,0.0,1
324721463804444672,0.25,0.0,1
324721769984425985,0.25,0.0,1
324721916776693760,0.5,0.0,1
324724093628870657,0.25,0.0,1
324724462736011267,0.75,0.0,1
324724676637106176,0.25,0.0,1
324725096054931457,0.75,0.0,1
324725712626008064,0.25,0.0,1
324726010421592065,0.25,0.0,1
324726035583209472,0.25,0.0,1
324726190785060866,0.5,0.0,1
324726211764961280,0.5,0.0,1
324726610211270657,0.75,0.0,1
324726975132495874,0.5,0.0,1
324726996099817472,0.5,0.0,1
324727176446500864,0.5,0.0,1
324727180661764096,0.25,0.0,1
324728061444636672,0.5,0.0,1
324728086618849280,0.25,0.0,1
324728166306435073,0.25,0.0,1
324728384414437376,0.5,0.0,1
324728619303849984,0.25,0.0,1
324728657052594176,0.75,0.0,1
324729151967870976,0.5,0.0,1
324729281999691777,0.5,0.0,1
324729999221469184,0.25,0.0,1
324730695471755264,0.25,0.0,1
324730800346124291,0.5,0.0,1
324730871640887296,0.25,0.0,1
324730921951588354,0.25,0.0,1
324731010052931585,0.25,0.0,1
324731165217009665,0.25,0.0,1
324731261719564289,0.25,0.0,1
324731626590461953,0.5,0.0,1
324731639177564160,0.5,0.0,1
324731693724479489,0.5,0.0,1
324731941167435776,0.5,0.0,1
324731974726066176,0.25,0.0,1
324732234781302784,0.5,0.0,1
324732356432887809,0.75,0.0,1
324732515795484672,0.25,0.0,1
324733547615223808,0.25,0.0,1
324733555966099456,0.25,0.0,1
324733748908261376,0.25,0.0,1
324734025740734464,0.25,0.0,1
324734088672079872,0.5,0.0,1
324734126395621377,0.25,0.0,1
324734285791764481,0.25,0.0,1
324734550053879808,0.25,0.0,1
324734558425718784,0.5,0.0,1
324734587769069568,0.25,0.0,1
324734617141796864,0.5,0.0,1
324734617158578176,0.5,0.0,1
324734717809283072,0.5,0.0,1
324734818485161984,0.25,0.0,1
324734948496003072,0.5,0.0,1
324735464386998272,0.5,0.0,1
324735560868577280,0.5,0.0,1
324735602799017985,0.5,0.0,1
324735665721991168,0.25,0.0,1
324735862850084864,0.5,0.0,1
324735879635677185,0.25,0.0,1
324735917359251457,0.5,0.0,1
324735942541836289,0.5,0.0,1
324736009646534656,0.25,0.0,1
324736118715195392,0.25,0.0,1
324736257097883649,0.5,0.0,1
324736391315611650,0.25,0.0,1
324736542327320577,0.25,0.0,1
324736622027501570,0.25,0.0,1
324736907252744192,0.25,0.0,1
324736970154721280,0.5,0.0,1
324736982737633281,0.25,0.0,1
324737024676466688,0.75,0.0,1
324737121124491264,0.5,0.0,1
324737305686446080,0.25,0.0,1
324737314100224001,0.5,0.0,1
324737460867317761,0.75,0.0,1
324737758671294464,0.25,0.0,1
324737905497092097,0.5,0.0,1
324738320733188097,0.5,0.0,1
324738773697048576,0.25,0.0,1
324738794655993856,0.5,0.0,1
324738844987621376,0.25,0.0,1
324738844996014080,0.25,0.0,1
324738874364538881,0.5,0.0,1
324738891120791552,0.25,0.0,1
324738937295863808,0.75,0.0,1
324739012780752896,0.25,0.0,1
324739147002691584,0.25,0.0,1
324739159581417472,0.5,0.0,1
324739235091447810,0.25,0.0,1
324739566407913472,0.5,0.0,1
324739620933873665,0.25,0.0,1
324739801314103296,0.25,0.0,1
324739855814901762,0.25,0.0,1
324739931308187649,0.25,0.0,1
324740040376848384,0.25,0.0,1
324740287836614656,0.25,0.0,1
324740413657325569,0.5,0.0,1
324740547908603904,0.25,0.0,1
324740635980599296,0.25,0.0,1
324740677923635200,0.25,0.0,1
324740774401036288,0.5,0.0,1
324740967326445568,0.5,0.0,1
324741101523181568,0.25,0.0,1
324741252547493890,0.25,0.0,1
324741479031521280,0.25,0.0,1
324741575496310784,0.5,0.0,1
324741755851382784,0.25,0.0,1
324742011687145473,0.25,0.0,1
324742263370575873,0.25,0.0,1
324742389208072192,0.25,0.0,1
324742426952609793,0.25,0.0,1
324742456304340993,0.25,0.0,1
324742577913999361,0.25,0.0,1
324742582125072384,0.25,0.0,1
324742716359593984,0.25,0.0,1
324742913483493376,0.25,0.0,1
324742930264883200,0.5,0.0,1
324743047684431872,0.75,0.0,1
324743119012765696,0.25,0.0,1
324743332901306372,0.5,0.0,1
324743471334301696,0.25,0.0,1
324743546831790080,0.25,0.0,1
324743865594687489,0.25,0.0,1
324744125616365568,0.25,0.0,1
324744276611325952,0.25,0.0,1
324744532463861760,0.25,0.0,1
324744557659037697,0.25,0.0,1
324744809313075200,0.25,0.0,1
324744847070208001,0.25,0.0,1
324745052561756160,0.25,0.0,1
324745052574343168,0.25,0.0,1
324745102897586176,0.25,0.0,1
324745446822117376,0.5,0.0,1
324745836888211456,0.75,0.0,1
324745845285220352,0.25,0.0,1
324746252124307456,0.25,0.0,1
324746419921633281,0.75,0.0,1
324746528965160960,0.5,0.0,1
378011169883037697,0.75,0.0,1
378020179214491649,0.75,0.0,1
378026101588496385,0.75,0.0,1
378029784204206080,0.75,0.0,1
378038458024865792,0.25,0.0,1
378042534863192064,0.25,0.0,1
378045630251147265,0.75,0.0,1
378046271996440576,0.75,0.0,1
378047710659502080,0.25,0.0,1
378049119924674561,0.75,0.0,1
378050260792119297,0.75,0.0,1
378054652215824384,0.75,0.0,1
378054979380334592,0.5,0.0,1
378055482704814082,0.25,0.0,1
378056556413079552,0.75,0.0,1
378056971686932480,0.75,0.0,1
378057261081714688,0.5,0.0,1
378059840569880576,0.75,0.0,1
378061807681695744,0.25,0.0,1
378066689885077504,0.25,0.0,1
378067142844747776,0.75,0.0,1
378069365855621120,0.75,0.0,1
378069734916251648,0.5,0.0,1
378071202931032064,0.75,0.0,1
378072872280788992,0.75,0.0,1
378073551749648384,0.5,0.0,1
378075674088448001,0.25,0.0,1
378078203228585985,0.25,0.0,1
378079067255238656,0.25,0.0,1
378079650250907648,0.5,0.0,1
378081462223777793,0.25,0.0,1
378082263302299649,0.25,0.0,1
378086805771268096,0.25,0.0,1
378088110170451969,0.25,0.0,1
378095349547552768,0.75,0.0,1
378097819992592384,0.5,0.0,1
378101922013532160,0.75,0.0,1
378101930414710784,0.5,0.0,1
378105671729684482,0.25,0.0,1
378109257842827264,0.25,0.0,1
378111510205464576,0.25,0.0,1
378112919499579392,0.25,0.0,1
378115570287542273,0.25,0.0,1
378122012742668288,0.25,0.0,1
378122033697402880,0.75,0.0,1
378122948064067584,0.5,0.0,1
378127477928783872,0.75,0.0,1
378128681677234176,0.5,0.0,1
378130011292979200,0.5,0.0,1
378133446410784768,0.5,0.0,1
378133551272562688,0.25,0.0,1
378134704710766592,0.5,0.0,1
378137582007496704,0.25,0.0,1
378137695240732672,0.25,0.0,1
378139846935457792,0.75,0.0,1
378141524623912960,0.75,0.0,1
378143550510088192,0.25,0.0,1
378147442786439168,0.75,0.0,1
378150852793749504,0.5,0.0,1
378151544849305600,0.5,0.0,1
378151578399559680,0.5,0.0,1
378152455005282306,1.0,0.0,1
378158079579127808,1.0,0.0,1
378159971210649600,0.5,0.0,1
378161380462833664,0.25,0.0,1
378164870157721600,0.25,0.0,1
378170578588291072,0.75,0.0,1
378172612805152768,0.25,0.0,1
378173116125413376,0.5,0.0,1
378174277947645952,0.5,0.0,1
378175691449069568,0.5,0.0,1
378176358318628864,0.25,0.0,1
378178619048087552,0.25,0.0,1
378178661020495872,0.5,0.0,1
378179877368631296,0.5,0.0,1
378181332792115200,0.25,0.0,1
378183031460069376,0.5,0.0,1
378183627051237376,0.25,0.0,1
378184214274768896,0.5,0.0,1
378184453362679808,0.5,0.0,1
378184491111841792,0.25,0.0,1
378186965726007296,0.5,0.0,1
378189641708351488,0.25,0.0,1
378191675941588992,0.5,0.0,1
378195434033782784,0.25,0.0,1
378195496935776257,0.5,0.0,1
378195668898021376,0.25,0.0,1
378197732508184576,0.25,0.0,1
378198479111073792,0.25,0.0,1
378198986597093376,0.5,0.0,1
378200127443181570,0.75,0.0,1
378201062772981761,0.25,0.0,1
378201951969632256,0.5,0.0,1
378203231262093312,0.75,0.0,1
378205533913632769,0.5,0.0,1
378206808998821888,0.5,0.0,1
378208105021976576,0.75,0.0,1
378211338851344384,0.75,0.0,1
378212785886224384,0.5,0.0,1
378213377262108672,0.75,0.0,1
378213599551832065,0.75,0.0,1
378213784101203968,0.75,0.0,1
378214128038318080,0.75,0.0,1
378215919031308288,0.25,0.0,1
378216451670171648,0.25,0.0,1
378217953256157185,0.5,0.0,1
378219127640305664,0.5,0.0,1
378219136033112064,0.75,0.0,1
378220373365362688,0.5,0.0,1
378220553699463168,1.0,0.0,1
378220914443157504,0.75,0.0,1
378221870731890688,0.75,0.0,1
378222998995881984,0.5,0.0,1
378223082869379072,0.75,0.0,1
378224748016058368,0.5,0.0,1
378226123764547584,0.5,0.0,1
379103282745991168,0.5,0.0,1
379105400856915968,0.5,0.0,1
379109083452030977,0.75,0.0,1
379110102663700480,0.5,0.0,1
379111721665056768,0.5,0.0,1
379111939772665857,0.25,0.0,1
379112698958446597,0.5,0.0,1
379119284019941376,0.25,0.0,1
379120898835349504,0.25,0.0,1
379122991780888576,0.25,0.0,1
379126259143286784,0.5,0.0,1
379136388379058178,0.5,0.0,1
379140385554964480,0.25,0.0,1
379144416293695488,0.5,0.0,1
379157749990719488,0.25,0.0,1
379167765976088576,0.25,0.0,1
379189865776418817,0.5,0.0,1
379211395138850816,0.25,0.0,1
379213924287012864,0.25,0.0,1
379217170670292992,0.25,0.0,1
379218143753035776,0.5,0.0,1
379222237393719296,0.5,0.0,1
379225102115557376,0.25,0.0,1
379226196841472000,0.25,0.0,1
379228499505995776,0.75,0.0,1
379228814070407168,0.25,0.0,1
379229728420265985,0.25,0.0,1
379231162876854272,0.25,0.0,1
379235193586208768,0.25,0.0,1
379244509173125120,0.25,0.0,1
379244622414757888,0.25,0.0,1
379244903403749376,0.25,0.0,1
379245721288851456,0.5,0.0,1
379248464393023488,0.5,0.0,1
379249848513355777,0.5,0.0,1
379250678977159169,0.75,0.0,1
379251027091795970,0.5,0.0,1
379251534631956480,0.5,0.0,1
379254877488041984,0.75,0.0,1
379262125211795457,0.25,0.0,1
379264868286599168,0.25,0.0,1
379266038526775296,0.25,0.0,1
379269817603477504,0.25,0.0,1
379271235269443586,0.5,0.0,1
379273391150080001,0.25,0.0,1
379276767556403201,0.25,0.0,1
379277325377888256,0.25,0.0,1
379279619691532289,0.25,0.0,1
379281997836738560,0.25,0.0,1
379284581548949504,0.25,0.0,1
379287374947041280,0.75,0.0,1
379287790166347776,0.75,0.0,1
379288075387420672,0.5,0.0,1
379288473863065600,0.75,0.0,1
379288561939255296,0.25,0.0,1
379290814268338176,0.25,0.0,1
379295625155575808,0.25,0.0,1
379300591182557185,0.25,0.0,1
379302940000792576,0.25,0.0,1
379303514607849472,0.25,0.0,1
379306253501341696,0.5,0.0,1
379311844516585473,0.25,0.0,1
379313346060644352,0.5,0.0,1
379314377876189184,0.25,0.0,1
379315556479807488,0.25,0.0,1
379316609258496001,0.25,0.0,1
379319536878510082,0.25,0.0,1
379324788138721282,0.5,0.0,1
379324934935162881,0.75,0.0,1
379325207543947264,0.25,0.0,1
379325744440041472,0.5,0.0,1
379328139379638273,0.25,0.0,1
379334183392251904,0.5,0.0,1
379334258856194049,0.75,0.0,1
379341879927504896,0.25,0.0,1
379347533828325376,0.75,0.0,1
379356052493312000,0.25,0.0,1
379357990261755904,0.5,0.0,1
379358808134254592,0.75,0.0,1
379361337278988288,0.75,0.0,1
379362016793604096,0.25,0.0,1
379363098915647488,0.25,0.0,1
379366240428384256,0.25,0.0,1
379367024784203776,0.25,0.0,1
379367666500108288,0.25,0.0,1
379370296337113088,0.25,0.0,1
379370464121876480,0.5,0.0,1
379370682217271296,0.75,0.0,1
379371030315159552,0.75,0.0,1
379373546901749760,0.75,0.0,1
379377925767700480,0.25,0.0,1
379378101924278273,0.25,0.0,1
379378227774754816,0.5,0.0,1
379378525557383169,0.5,0.0,1
379379666412249088,0.25,0.0,1
379380798882709504,0.5,0.0,1
379381461561782273,0.25,0.0,1
379385865597775872,0.25,0.0,1
379385957843083264,0.25,0.0,1
379387966948257792,0.75,0.0,1
379388977775513600,0.25,0.0,1
379388998742843392,0.25,0.0,1
379391708271620096,0.5,0.0,1
379393608278736897,0.25,0.0,1
379396951113859072,0.5,0.0,1
379399283163664384,0.75,0.0,1
379406849671319553,0.5,0.0,1
379409471140675585,0.25,0.0,1
379410586817527808,0.75,0.0,1
379411652178755585,0.25,0.0,1
379412612653387776,0.75,0.0,1
379415850660687872,0.25,0.0,1
379416379150987264,0.25,0.0,1
379416429482606593,0.25,0.0,1
379421118697725953,0.25,0.0,1
379422980998045696,0.25,0.0,1
379425505973256192,0.25,0.0,1
379426239947481088,0.75,0.0,1
379428379050520576,0.25,0.0,1
396263979762196480,0.25,0.0,1
396313082466541568,0.75,0.0,1
396314030383443968,0.75,0.0,1
396315108311199744,1.0,0.0,1
396315620050223104,1.0,0.0,1
396317146751307776,0.25,0.0,1
396317331330433024,0.75,0.0,1
396317406798553088,0.5,0.0,1
396317671035129856,0.75,0.0,1
396317725556887552,0.75,0.0,1
396318216299229184,0.75,0.0,1
396318312759455744,0.75,0.0,1
396318430229315584,0.25,0.0,1
396318484759871488,0.25,0.0,1
396318828675616768,0.75,0.0,1
396318916743811073,0.25,0.0,1
396319034205274113,0.25,0.0,1
396319063577985024,0.25,0.0,1
396319071966208001,0.25,0.0,1
396319248101822464,0.25,0.0,1
396319302619394049,0.75,0.0,1
396319382345097216,0.75,0.0,1
396319441031811072,0.5,0.0,1
396319445259284481,0.25,0.0,1
396319692694233088,0.25,0.0,1
396319856275906560,0.25,0.0,1
396320065982705665,0.25,0.0,1
396320086950019072,0.5,0.0,1
396320099537137664,0.25,0.0,1
396320158261592065,0.5,0.0,1
396320305083211776,0.25,0.0,1
396320422507315200,0.25,0.0,1
396320472864129024,0.25,0.0,1
396320976155475968,0.25,0.0,1
396320992936460288,0.25,0.0,1
396321081021435905,0.25,0.0,1
396321135538606080,0.5,0.0,1
396321395581272064,0.5,0.0,1
396321684992434176,0.25,0.0,1
396321693368856576,0.25,0.0,1
396321735340867585,0.25,0.0,1
396321789858836480,0.25,0.0,1
396322108625936384,0.5,0.0,1
396322142184169472,0.75,0.0,1
396322255434960897,0.5,0.0,1
396322683257774081,0.75,0.0,1
396322691629977600,0.25,0.0,1
396322989416800258,0.75,0.0,1
396323056534421504,0.25,0.0,1
396323396264660993,0.25,0.0,1
396323685671264256,0.5,0.0,1
396323811521736704,0.25,0.0,1
396323983475609600,0.25,0.0,1
396324021211762688,0.75,0.0,1
396324054774599680,0.5,0.0,1
396324432278716416,0.25,0.0,1
396324470022864896,0.5,0.0,1
396324549710839809,0.25,0.0,1
396324570682372096,0.5,0.0,1
396324801360322560,0.75,0.0,1
396324805554622464,0.25,0.0,1
396324830725033985,0.5,0.0,1
396324956537368576,0.75,0.0,1
396325015273996288,0.25,0.0,1
396325057204465664,0.25,0.0,1
396325107569672192,0.25,0.0,1
396325115949883392,0.25,0.0,1
396325174641172480,0.25,0.0,1
396325174657552384,0.25,0.0,1
396325199827988480,0.25,0.0,1
396325208203988992,0.25,0.0,1
396325233394581504,0.75,0.0,1
396325518573703168,0.25,0.0,1
396325535376101376,0.5,0.0,1
396325573099651072,0.25,0.0,1
396325661213982720,0.25,0.0,1
396325740871827456,0.25,0.0,1
396325766038056962,0.25,0.0,1
396325774455627776,0.25,0.0,1
396325787043106816,0.25,0.0,1
396325912871849984,0.25,0.0,1
396325979951333378,0.25,0.0,1
396326323892649984,0.25,0.0,1
396326328074399744,0.25,0.0,1
396326453932851200,0.25,0.0,1
396326583935307776,0.25,0.0,1
396326609118322688,0.75,0.0,1
396326701392994304,0.25,0.0,1
396326705599508480,0.5,0.0,1
396326722347761664,0.75,0.0,1
396326747538333696,0.5,0.0,1
396326869169352704,0.25,0.0,1
396327221494702080,0.25,0.0,1
396327338927222784,0.25,0.0,1
396327431188910080,0.75,0.0,1
396327452164628480,0.25,0.0,1
396327489922138112,0.75,0.0,1
396327716426756096,0.25,0.0,1
396327875789324288,0.5,0.0,1
396327926104215552,0.25,0.0,1
396328030986985472,0.75,0.0,1
396328173597507584,0.5,0.0,1
396328416854941697,0.5,0.0,1
396328744027049984,0.25,0.0,1
396328899204087809,0.25,0.0,1
396329243128659968,0.5,0.0,1
396329276691464192,0.25,0.0,1
396329339622420480,0.25,0.0,1
396329398309109761,0.5,0.0,1
396329515766808576,0.25,0.0,1
396329662584217600,0.25,0.0,1
396329687720669184,0.5,0.0,1
396329951978586112,0.25,0.0,1
396330455303475200,0.25,0.0,1
396330685989797888,0.25,0.0,1
396330967003971584,0.25,0.0,1
396331004753092608,0.25,0.0,1
396331059287044097,0.25,0.0,1
396331155718688768,0.5,0.0,1
396331222860709888,0.75,0.0,1
396331239613149185,0.25,0.0,1
396331482911735808,0.25,0.0,1
396331692605964288,0.25,0.0,1
396331730371489793,0.25,0.0,1
396331763925913600,0.25,0.0,1
396331893920374784,0.25,0.0,1
396331961058209792,0.25,0.0,1
396331973607964672,0.25,0.0,1
396332221084086272,0.25,0.0,1
396332300796846081,0.25,0.0,1
396332384653541377,0.25,0.0,1
396332476932829184,0.25,0.0,1
396332539872165889,0.75,0.0,1
396332820878336000,0.25,0.0,1
396332896392204288,0.25,0.0,1
396333148029861888,0.25,0.0,1
396333361926782976,0.25,0.0,1
396333374530654208,0.25,0.0,1
396333710066606080,0.5,0.0,1
396333793973264385,0.25,0.0,1
396334091768832000,0.25,0.0,1
396334427313561600,0.5,0.0,1
396334645400178688,0.25,0.0,1
396334704112058368,0.25,0.0,1
396334725075570688,0.25,0.0,1
396334880260624384,0.25,0.0,1
396334947394674688,0.25,0.0,1
396335329076318208,0.25,0.0,1
396335333257654272,0.25,0.0,1
396335475881181184,0.5,0.0,1
396335492666773504,0.25,0.0,1
396335584920080385,0.25,0.0,1
396335685570793472,0.25,0.0,1
396335786263871488,0.25,0.0,1
396335865926262784,0.25,0.0,1
396335949841305601,0.25,0.0,1
396335979167903744,0.25,0.0,1
396336012726525952,0.25,0.0,1
396336079856345088,0.25,0.0,1
396336243442589696,0.25,0.0,1
396336297968562176,0.25,0.0,1
396336394429562880,0.25,0.0,1
