tweet_id,timestamp,positive_sentiment,negative_sentiment,numb_of_mentions,numb_of_urls,numb_of_media,numb_of_hashtags,numb_of_personal_pronouns,numb_of_present_tenses,numb_of_past_tenses,sent_from_web,numb_of_weird_chars,numb_of_questions,numb_of_emoticons,numb_of_swearing_words,numb_of_slang_words,numb_of_intensifiers,tweet_length,userFollowersCount,userFriendsCount,user_numb_of_tweets,user_list_count,tfidf_fire,dict_precision,dict_recall,dict_f_measure
1157803414119538688,156487681912.0,20.0,660.0,20.0,0.0,0.0,0.0,0.0,0.0,0.0,0.0,100.0,0.0,0.0,0.0,0.0,0.0,680.0,700.0,1400.0,0.0,10.0,0.0,0.0,0.0,0.0
1157803414119538688,156487681912.0,20.0,660.0,20.0,0.0,0.0,0.0,0.0,0.0,0.0,0.0,100.0,0.0,0.0,0.0,0.0,0.0,680.0,700.0,1400.0,0.0,10.0,0.0,0.0,0.0,0.0
1157803414119538688,156487681912.0,20.0,660.0,20.0,0.0,0.0,0.0,0.0,0.0,0.0,0.0,100.0,0.0,0.0,0.0,0.0,0.0,680.0,700.0,1400.0,0.0,10.0,0.0,0.0,0.0,0.0
1157806994369187840,156487767312.0,10.0,680.0,10.0,0.0,0.0,0.0,0.0,0.0,0.0,0.0,100.0,10.0,0.0,0.0,0.0,0.0,510.0,12880.0,35100.0,0.0,330.0,0.0,0.0,0.0,0.0
1157806994369187840,156487767312.0,10.0,680.0,10.0,0.0,0.0,0.0,0.0,0.0,0.0,0.0,100.0,10.0,0.0,0.0,0.0,0.0,510.0,12880.0,35100.0,0.0,330.0,0.0,0.0,0.0,0.0
1157806994369187840,156487767312.0,10.0,680.0,10.0,0.0,0.0,0.0,0.0,0.0,0.0,0.0,100.0,10.0,0.0,0.0,0.0,0.0,510.0,12880.0,35100.0,0.0,330.0,0.0,0.0,0.0,0.0
1157807023003713536,156487767912.0,60.0,630.0,0.0,0.0,10.0,0.0,0.0,0.0,0.0,0.0,190.0,0.0,0.0,0.0,0.0,0.0,610.0,13490.0,15330.0,0.0,230.0,0.0,0.0,0.0,0.0
1157807023003713536,156487767912.0,60.0,630.0,0.0,0.0,10.0,0.0,0.0,0.0,0.0,0.0,190.0,0.0,0.0,0.0,0.0,0.0,610.0,13490.0,15330.0,0.0,230.0,0.0,0.0,0.0,0.0
1157807023003713536,156487767912.0,60.0,630.0,0.0,0.0,10.0,0.0,0.0,0.0,0.0,0.0,190.0,0.0,0.0,0.0,0.0,0.0,610.0,13490.0,15330.0,0.0,230.0,0.0,0.0,0.0,0.0
1157813395858440192,156487919912.0,30.0,160.0,10.0,0.0,0.0,0.0,0.0,0.0,0.0,0.0,140.0,20.0,0.0,0.0,0.0,0.0,750.0,18600.0,15660.0,0.0,0.0,0.0,0.0,0.0,0.0
1157813395858440192,156487919912.0,30.0,160.0,10.0,0.0,0.0,0.0,0.0,0.0,0.0,0.0,140.0,20.0,0.0,0.0,0.0,0.0,750.0,18600.0,15660.0,0.0,0.0,0.0,0.0,0.0,0.0
1157813395858440192,156487919912.0,30.0,160.0,10.0,0.0,0.0,0.0,0.0,0.0,0.0,0.0,140.0,20.0,0.0,0.0,0.0,0.0,750.0,18600.0,15660.0,0.0,0.0,0.0,0.0,0.0,0.0
1157814399719096320,156487943812.0,150.0,140.0,0.0,10.0,0.0,0.0,0.0,0.0,0.0,0.0,230.0,30.0,0.0,0.0,0.0,0.0,750.0,540.0,580.0,0.0,0.0,0.0,0.0,0.0,0.0
1157814399719096320,156487943812.0,150.0,140.0,0.0,10.0,0.0,0.0,0.0,0.0,0.0,0.0,230.0,30.0,0.0,0.0,0.0,0.0,750.0,540.0,580.0,0.0,0.0,0.0,0.0,0.0,0.0
1157814399719096320,156487943812.0,150.0,140.0,0.0,10.0,0.0,0.0,0.0,0.0,0.0,0.0,230.0,30.0,0.0,0.0,0.0,0.0,750.0,540.0,580.0,0.0,0.0,0.0,0.0,0.0,0.0
1157818116304506880,156488032412.0,30.0,630.0,10.0,0.0,10.0,0.0,0.0,0.0,0.0,0.0,160.0,0.0,0.0,0.0,0.0,0.0,940.0,300.0,5450.0,0.0,0.0,0.0,0.0,0.0,0.0
1157818116304506880,156488032412.0,30.0,630.0,10.0,0.0,10.0,0.0,0.0,0.0,0.0,0.0,160.0,0.0,0.0,0.0,0.0,0.0,940.0,300.0,5450.0,0.0,0.0,0.0,0.0,0.0,0.0
1157818116304506880,156488032412.0,30.0,630.0,10.0,0.0,10.0,0.0,0.0,0.0,0.0,0.0,160.0,0.0,0.0,0.0,0.0,0.0,940.0,300.0,5450.0,0.0,0.0,0.0,0.0,0.0,0.0
1157818175783940096,156488033812.0,60.0,500.0,20.0,0.0,0.0,0.0,0.0,0.0,0.0,0.0,150.0,0.0,0.0,0.0,0.0,0.0,790.0,580.0,1270.0,0.0,290.0,0.0,0.0,0.0,0.0
1157818175783940096,156488033812.0,60.0,500.0,20.0,0.0,0.0,0.0,0.0,0.0,0.0,0.0,150.0,0.0,0.0,0.0,0.0,0.0,790.0,580.0,1270.0,0.0,290.0,0.0,0.0,0.0,0.0
1157818175783940096,156488033812.0,60.0,500.0,20.0,0.0,0.0,0.0,0.0,0.0,0.0,0.0,150.0,0.0,0.0,0.0,0.0,0.0,790.0,580.0,1270.0,0.0,290.0,0.0,0.0,0.0,0.0
1157819188993351680,15648805812.0,50.0,620.0,20.0,0.0,10.0,0.0,0.0,0.0,0.0,0.0,210.0,0.0,0.0,0.0,0.0,0.0,940.0,230.0,10.0,0.0,0.0,0.0,0.0,0.0,0.0
1157819188993351680,15648805812.0,50.0,620.0,20.0,0.0,10.0,0.0,0.0,0.0,0.0,0.0,210.0,0.0,0.0,0.0,0.0,0.0,940.0,230.0,10.0,0.0,0.0,0.0,0.0,0.0,0.0
1157819188993351680,15648805812.0,50.0,620.0,20.0,0.0,10.0,0.0,0.0,0.0,0.0,0.0,210.0,0.0,0.0,0.0,0.0,0.0,940.0,230.0,10.0,0.0,0.0,0.0,0.0,0.0,0.0
1157821379728703488,156488110212.0,50.0,500.0,0.0,0.0,10.0,0.0,0.0,0.0,0.0,0.0,210.0,0.0,0.0,0.0,0.0,0.0,1080.0,9700.0,25050.0,0.0,370.0,0.0,0.0,0.0,0.0
1157821379728703488,156488110212.0,50.0,500.0,0.0,0.0,10.0,0.0,0.0,0.0,0.0,0.0,210.0,0.0,0.0,0.0,0.0,0.0,1080.0,9700.0,25050.0,0.0,370.0,0.0,0.0,0.0,0.0
1157821379728703488,156488110212.0,50.0,500.0,0.0,0.0,10.0,0.0,0.0,0.0,0.0,0.0,210.0,0.0,0.0,0.0,0.0,0.0,1080.0,9700.0,25050.0,0.0,370.0,0.0,0.0,0.0,0.0
1157822228890865664,156488130512.0,40.0,670.0,0.0,10.0,10.0,0.0,0.0,0.0,0.0,0.0,250.0,0.0,0.0,0.0,0.0,0.0,850.0,4050.0,6940.0,0.0,640.0,0.0,0.0,0.0,0.0
1157822228890865664,156488130512.0,40.0,670.0,0.0,10.0,10.0,0.0,0.0,0.0,0.0,0.0,250.0,0.0,0.0,0.0,0.0,0.0,850.0,4050.0,6940.0,0.0,640.0,0.0,0.0,0.0,0.0
1157822228890865664,156488130512.0,40.0,670.0,0.0,10.0,10.0,0.0,0.0,0.0,0.0,0.0,250.0,0.0,0.0,0.0,0.0,0.0,850.0,4050.0,6940.0,0.0,640.0,0.0,0.0,0.0,0.0
1157834245420802048,15648841712.0,30.0,470.0,10.0,0.0,0.0,0.0,0.0,0.0,0.0,0.0,170.0,20.0,0.0,0.0,0.0,0.0,830.0,12120.0,49980.0,0.0,90.0,0.0,0.0,0.0,0.0
1157834245420802048,15648841712.0,30.0,470.0,10.0,0.0,0.0,0.0,0.0,0.0,0.0,0.0,170.0,20.0,0.0,0.0,0.0,0.0,830.0,12120.0,49980.0,0.0,90.0,0.0,0.0,0.0,0.0
1157834245420802048,15648841712.0,30.0,470.0,10.0,0.0,0.0,0.0,0.0,0.0,0.0,0.0,170.0,20.0,0.0,0.0,0.0,0.0,830.0,12120.0,49980.0,0.0,90.0,0.0,0.0,0.0,0.0
1157837671760162816,156488498712.0,50.0,530.0,10.0,0.0,10.0,0.0,0.0,0.0,0.0,0.0,190.0,0.0,0.0,0.0,0.0,0.0,940.0,206810.0,174880.0,0.0,3150.0,0.0,0.0,0.0,0.0
1157837671760162816,156488498712.0,50.0,530.0,10.0,0.0,10.0,0.0,0.0,0.0,0.0,0.0,190.0,0.0,0.0,0.0,0.0,0.0,940.0,206810.0,174880.0,0.0,3150.0,0.0,0.0,0.0,0.0
1157837671760162816,156488498712.0,50.0,530.0,10.0,0.0,10.0,0.0,0.0,0.0,0.0,0.0,190.0,0.0,0.0,0.0,0.0,0.0,940.0,206810.0,174880.0,0.0,3150.0,0.0,0.0,0.0,0.0
1157848593920876544,156488759112.0,50.0,610.0,10.0,0.0,10.0,0.0,0.0,0.0,0.0,0.0,500.0,0.0,0.0,0.0,0.0,0.0,2050.0,11720.0,18990.0,0.0,50.0,0.0,0.0,0.0,0.0
1157848593920876544,156488759112.0,50.0,610.0,10.0,0.0,10.0,0.0,0.0,0.0,0.0,0.0,500.0,0.0,0.0,0.0,0.0,0.0,2050.0,11720.0,18990.0,0.0,50.0,0.0,0.0,0.0,0.0
1157848593920876544,156488759112.0,50.0,610.0,10.0,0.0,10.0,0.0,0.0,0.0,0.0,0.0,500.0,0.0,0.0,0.0,0.0,0.0,2050.0,11720.0,18990.0,0.0,50.0,0.0,0.0,0.0,0.0
1157851354695684096,156488824912.0,40.0,600.0,20.0,0.0,0.0,0.0,0.0,0.0,0.0,0.0,240.0,0.0,0.0,0.0,0.0,0.0,1040.0,2390.0,11800.0,0.0,50.0,0.0,0.0,0.0,0.0
1157851354695684096,156488824912.0,40.0,600.0,20.0,0.0,0.0,0.0,0.0,0.0,0.0,0.0,240.0,0.0,0.0,0.0,0.0,0.0,1040.0,2390.0,11800.0,0.0,50.0,0.0,0.0,0.0,0.0
1157851354695684096,156488824912.0,40.0,600.0,20.0,0.0,0.0,0.0,0.0,0.0,0.0,0.0,240.0,0.0,0.0,0.0,0.0,0.0,1040.0,2390.0,11800.0,0.0,50.0,0.0,0.0,0.0,0.0
1157856079348293632,156488937512.0,40.0,470.0,0.0,0.0,10.0,0.0,0.0,0.0,0.0,0.0,630.0,0.0,0.0,0.0,0.0,0.0,3030.0,1630.0,5240.0,0.0,20.0,0.0,0.0,0.0,0.0
1157856079348293632,156488937512.0,40.0,470.0,0.0,0.0,10.0,0.0,0.0,0.0,0.0,0.0,630.0,0.0,0.0,0.0,0.0,0.0,3030.0,1630.0,5240.0,0.0,20.0,0.0,0.0,0.0,0.0
1157856079348293632,156488937512.0,40.0,470.0,0.0,0.0,10.0,0.0,0.0,0.0,0.0,0.0,630.0,0.0,0.0,0.0,0.0,0.0,3030.0,1630.0,5240.0,0.0,20.0,0.0,0.0,0.0,0.0
1157858757612900352,156489001412.0,130.0,370.0,10.0,0.0,0.0,0.0,0.0,0.0,0.0,0.0,180.0,0.0,0.0,0.0,0.0,0.0,840.0,1430.0,1790.0,0.0,440.0,0.0,0.0,0.0,0.0
1157858757612900352,156489001412.0,130.0,370.0,10.0,0.0,0.0,0.0,0.0,0.0,0.0,0.0,180.0,0.0,0.0,0.0,0.0,0.0,840.0,1430.0,1790.0,0.0,440.0,0.0,0.0,0.0,0.0
1157858757612900352,156489001412.0,130.0,370.0,10.0,0.0,0.0,0.0,0.0,0.0,0.0,0.0,180.0,0.0,0.0,0.0,0.0,0.0,840.0,1430.0,1790.0,0.0,440.0,0.0,0.0,0.0,0.0
1157859396749287424,156489016612.0,10.0,640.0,0.0,0.0,20.0,0.0,0.0,0.0,0.0,0.0,370.0,0.0,0.0,0.0,0.0,0.0,1230.0,850.0,5640.0,0.0,20.0,0.0,0.0,0.0,0.0
1157859396749287424,156489016612.0,10.0,640.0,0.0,0.0,20.0,0.0,0.0,0.0,0.0,0.0,370.0,0.0,0.0,0.0,0.0,0.0,1230.0,850.0,5640.0,0.0,20.0,0.0,0.0,0.0,0.0
1157859396749287424,156489016612.0,10.0,640.0,0.0,0.0,20.0,0.0,0.0,0.0,0.0,0.0,370.0,0.0,0.0,0.0,0.0,0.0,1230.0,850.0,5640.0,0.0,20.0,0.0,0.0,0.0,0.0
1157861460283940864,156489065812.0,30.0,620.0,500.0,0.0,0.0,0.0,0.0,0.0,0.0,0.0,2340.0,10.0,0.0,0.0,0.0,0.0,8210.0,169650.0,171120.0,0.0,200.0,0.0,0.0,0.0,0.0
1157861460283940864,156489065812.0,30.0,620.0,500.0,0.0,0.0,0.0,0.0,0.0,0.0,0.0,2340.0,10.0,0.0,0.0,0.0,0.0,8210.0,169650.0,171120.0,0.0,200.0,0.0,0.0,0.0,0.0
1157861460283940864,156489065812.0,30.0,620.0,500.0,0.0,0.0,0.0,0.0,0.0,0.0,0.0,2340.0,10.0,0.0,0.0,0.0,0.0,8210.0,169650.0,171120.0,0.0,200.0,0.0,0.0,0.0,0.0
1157864423303741440,156489136512.0,90.0,310.0,0.0,0.0,0.0,0.0,0.0,0.0,0.0,0.0,340.0,0.0,0.0,0.0,0.0,0.0,510.0,3090.0,6770.0,0.0,70.0,0.0,0.0,0.0,0.0
1157864423303741440,156489136512.0,90.0,310.0,0.0,0.0,0.0,0.0,0.0,0.0,0.0,0.0,340.0,0.0,0.0,0.0,0.0,0.0,510.0,3090.0,6770.0,0.0,70.0,0.0,0.0,0.0,0.0
1157864423303741440,156489136512.0,90.0,310.0,0.0,0.0,0.0,0.0,0.0,0.0,0.0,0.0,340.0,0.0,0.0,0.0,0.0,0.0,510.0,3090.0,6770.0,0.0,70.0,0.0,0.0,0.0,0.0
1157864457986441216,156489137312.0,260.0,270.0,10.0,0.0,0.0,0.0,0.0,0.0,0.0,0.0,420.0,0.0,0.0,0.0,0.0,0.0,1990.0,310.0,8830.0,0.0,10.0,0.0,0.0,0.0,0.0
1157864457986441216,156489137312.0,260.0,270.0,10.0,0.0,0.0,0.0,0.0,0.0,0.0,0.0,420.0,0.0,0.0,0.0,0.0,0.0,1990.0,310.0,8830.0,0.0,10.0,0.0,0.0,0.0,0.0
1157864457986441216,156489137312.0,260.0,270.0,10.0,0.0,0.0,0.0,0.0,0.0,0.0,0.0,420.0,0.0,0.0,0.0,0.0,0.0,1990.0,310.0,8830.0,0.0,10.0,0.0,0.0,0.0,0.0
1157865243172671488,15648915612.0,260.0,270.0,10.0,0.0,0.0,0.0,0.0,0.0,0.0,0.0,420.0,0.0,0.0,0.0,0.0,0.0,2070.0,310.0,8830.0,0.0,10.0,0.0,0.0,0.0,0.0
1157865243172671488,15648915612.0,260.0,270.0,10.0,0.0,0.0,0.0,0.0,0.0,0.0,0.0,420.0,0.0,0.0,0.0,0.0,0.0,2070.0,310.0,8830.0,0.0,10.0,0.0,0.0,0.0,0.0
1157865243172671488,15648915612.0,260.0,270.0,10.0,0.0,0.0,0.0,0.0,0.0,0.0,0.0,420.0,0.0,0.0,0.0,0.0,0.0,2070.0,310.0,8830.0,0.0,10.0,0.0,0.0,0.0,0.0
1157868217726951424,156489226912.0,50.0,530.0,10.0,0.0,10.0,0.0,0.0,0.0,0.0,0.0,200.0,0.0,0.0,0.0,0.0,0.0,940.0,8970.0,5980.0,0.0,630.0,0.0,0.0,0.0,0.0
1157868217726951424,156489226912.0,50.0,530.0,10.0,0.0,10.0,0.0,0.0,0.0,0.0,0.0,200.0,0.0,0.0,0.0,0.0,0.0,940.0,8970.0,5980.0,0.0,630.0,0.0,0.0,0.0,0.0
1157868217726951424,156489226912.0,50.0,530.0,10.0,0.0,10.0,0.0,0.0,0.0,0.0,0.0,200.0,0.0,0.0,0.0,0.0,0.0,940.0,8970.0,5980.0,0.0,630.0,0.0,0.0,0.0,0.0
1157881687260442624,156489548112.0,100.0,480.0,10.0,0.0,0.0,0.0,0.0,0.0,0.0,0.0,90.0,0.0,0.0,0.0,0.0,0.0,470.0,160.0,1230.0,0.0,0.0,0.0,0.0,0.0,0.0
1157881687260442624,156489548112.0,100.0,480.0,10.0,0.0,0.0,0.0,0.0,0.0,0.0,0.0,90.0,0.0,0.0,0.0,0.0,0.0,470.0,160.0,1230.0,0.0,0.0,0.0,0.0,0.0,0.0
1157881687260442624,156489548112.0,100.0,480.0,10.0,0.0,0.0,0.0,0.0,0.0,0.0,0.0,90.0,0.0,0.0,0.0,0.0,0.0,470.0,160.0,1230.0,0.0,0.0,0.0,0.0,0.0,0.0
1157891266878701568,156489776512.0,150.0,140.0,30.0,0.0,0.0,0.0,0.0,0.0,0.0,0.0,490.0,0.0,0.0,0.0,0.0,0.0,2260.0,10550.0,18060.0,0.0,20.0,0.0,0.0,0.0,0.0
1157891266878701568,156489776512.0,150.0,140.0,30.0,0.0,0.0,0.0,0.0,0.0,0.0,0.0,490.0,0.0,0.0,0.0,0.0,0.0,2260.0,10550.0,18060.0,0.0,20.0,0.0,0.0,0.0,0.0
1157891266878701568,156489776512.0,150.0,140.0,30.0,0.0,0.0,0.0,0.0,0.0,0.0,0.0,490.0,0.0,0.0,0.0,0.0,0.0,2260.0,10550.0,18060.0,0.0,20.0,0.0,0.0,0.0,0.0
1157901064756244480,156490010112.0,50.0,570.0,20.0,0.0,10.0,0.0,0.0,0.0,0.0,0.0,660.0,0.0,0.0,0.0,0.0,0.0,2490.0,1572170.0,12700.0,0.0,6650.0,0.0,0.0,0.0,0.0
1157901064756244480,156490010112.0,50.0,570.0,20.0,0.0,10.0,0.0,0.0,0.0,0.0,0.0,660.0,0.0,0.0,0.0,0.0,0.0,2490.0,1572170.0,12700.0,0.0,6650.0,0.0,0.0,0.0,0.0
1157901064756244480,156490010112.0,50.0,570.0,20.0,0.0,10.0,0.0,0.0,0.0,0.0,0.0,660.0,0.0,0.0,0.0,0.0,0.0,2490.0,1572170.0,12700.0,0.0,6650.0,0.0,0.0,0.0,0.0
1157904511731732480,156490092312.0,150.0,140.0,0.0,10.0,10.0,0.0,0.0,0.0,0.0,0.0,330.0,0.0,0.0,0.0,0.0,0.0,1000.0,15110.0,38450.0,0.0,20.0,0.0,0.0,0.0,0.0
1157904511731732480,156490092312.0,150.0,140.0,0.0,10.0,10.0,0.0,0.0,0.0,0.0,0.0,330.0,0.0,0.0,0.0,0.0,0.0,1000.0,15110.0,38450.0,0.0,20.0,0.0,0.0,0.0,0.0
1157904511731732480,156490092312.0,150.0,140.0,0.0,10.0,10.0,0.0,0.0,0.0,0.0,0.0,330.0,0.0,0.0,0.0,0.0,0.0,1000.0,15110.0,38450.0,0.0,20.0,0.0,0.0,0.0,0.0
1157931271923937280,156490730312.0,150.0,140.0,10.0,0.0,0.0,0.0,0.0,0.0,0.0,0.0,100.0,10.0,0.0,0.0,0.0,0.0,450.0,5130.0,7130.0,0.0,0.0,0.0,0.0,0.0,0.0
1157931271923937280,156490730312.0,150.0,140.0,10.0,0.0,0.0,0.0,0.0,0.0,0.0,0.0,100.0,10.0,0.0,0.0,0.0,0.0,450.0,5130.0,7130.0,0.0,0.0,0.0,0.0,0.0,0.0
1157931271923937280,156490730312.0,150.0,140.0,10.0,0.0,0.0,0.0,0.0,0.0,0.0,0.0,100.0,10.0,0.0,0.0,0.0,0.0,450.0,5130.0,7130.0,0.0,0.0,0.0,0.0,0.0,0.0
1157933673188081664,156490787512.0,30.0,630.0,0.0,0.0,10.0,0.0,0.0,0.0,0.0,0.0,150.0,0.0,0.0,0.0,0.0,0.0,730.0,1810.0,4010.0,0.0,90.0,0.0,0.0,0.0,0.0
1157933673188081664,156490787512.0,30.0,630.0,0.0,0.0,10.0,0.0,0.0,0.0,0.0,0.0,150.0,0.0,0.0,0.0,0.0,0.0,730.0,1810.0,4010.0,0.0,90.0,0.0,0.0,0.0,0.0
1157933673188081664,156490787512.0,30.0,630.0,0.0,0.0,10.0,0.0,0.0,0.0,0.0,0.0,150.0,0.0,0.0,0.0,0.0,0.0,730.0,1810.0,4010.0,0.0,90.0,0.0,0.0,0.0,0.0
1157940425879171072,156490948512.0,160.0,280.0,20.0,0.0,0.0,0.0,0.0,0.0,0.0,0.0,120.0,0.0,0.0,0.0,0.0,0.0,530.0,49930.0,53860.0,0.0,150.0,0.0,0.0,0.0,0.0
1157940425879171072,156490948512.0,160.0,280.0,20.0,0.0,0.0,0.0,0.0,0.0,0.0,0.0,120.0,0.0,0.0,0.0,0.0,0.0,530.0,49930.0,53860.0,0.0,150.0,0.0,0.0,0.0,0.0
1157940425879171072,156490948512.0,160.0,280.0,20.0,0.0,0.0,0.0,0.0,0.0,0.0,0.0,120.0,0.0,0.0,0.0,0.0,0.0,530.0,49930.0,53860.0,0.0,150.0,0.0,0.0,0.0,0.0
1157941454997790720,156490973112.0,80.0,540.0,10.0,0.0,10.0,0.0,0.0,0.0,0.0,0.0,180.0,0.0,0.0,0.0,0.0,0.0,780.0,5050.0,90.0,0.0,880.0,0.0,0.0,0.0,0.0
1157941454997790720,156490973112.0,80.0,540.0,10.0,0.0,10.0,0.0,0.0,0.0,0.0,0.0,180.0,0.0,0.0,0.0,0.0,0.0,780.0,5050.0,90.0,0.0,880.0,0.0,0.0,0.0,0.0
1157941454997790720,156490973112.0,80.0,540.0,10.0,0.0,10.0,0.0,0.0,0.0,0.0,0.0,180.0,0.0,0.0,0.0,0.0,0.0,780.0,5050.0,90.0,0.0,880.0,0.0,0.0,0.0,0.0
1157961073921810432,156491440812.0,30.0,610.0,0.0,10.0,0.0,0.0,0.0,0.0,0.0,0.0,230.0,0.0,0.0,0.0,0.0,0.0,1110.0,12950.0,300.0,0.0,10.0,0.0,0.0,0.0,0.0
1157961073921810432,156491440812.0,30.0,610.0,0.0,10.0,0.0,0.0,0.0,0.0,0.0,0.0,230.0,0.0,0.0,0.0,0.0,0.0,1110.0,12950.0,300.0,0.0,10.0,0.0,0.0,0.0,0.0
1157961073921810432,156491440812.0,30.0,610.0,0.0,10.0,0.0,0.0,0.0,0.0,0.0,0.0,230.0,0.0,0.0,0.0,0.0,0.0,1110.0,12950.0,300.0,0.0,10.0,0.0,0.0,0.0,0.0
1157961477573267456,156491450412.0,150.0,140.0,0.0,0.0,10.0,0.0,0.0,0.0,0.0,0.0,220.0,30.0,0.0,0.0,0.0,0.0,680.0,2030.0,350.0,0.0,30.0,0.0,0.0,0.0,0.0
1157961477573267456,156491450412.0,150.0,140.0,0.0,0.0,10.0,0.0,0.0,0.0,0.0,0.0,220.0,30.0,0.0,0.0,0.0,0.0,680.0,2030.0,350.0,0.0,30.0,0.0,0.0,0.0,0.0
1157961477573267456,156491450412.0,150.0,140.0,0.0,0.0,10.0,0.0,0.0,0.0,0.0,0.0,220.0,30.0,0.0,0.0,0.0,0.0,680.0,2030.0,350.0,0.0,30.0,0.0,0.0,0.0,0.0
1157972267730685952,156491707712.0,10.0,320.0,0.0,0.0,0.0,0.0,0.0,0.0,0.0,0.0,110.0,10.0,0.0,0.0,0.0,0.0,660.0,780.0,1780.0,0.0,0.0,0.0,0.0,0.0,0.0
1157972267730685952,156491707712.0,10.0,320.0,0.0,0.0,0.0,0.0,0.0,0.0,0.0,0.0,110.0,10.0,0.0,0.0,0.0,0.0,660.0,780.0,1780.0,0.0,0.0,0.0,0.0,0.0,0.0
1157972267730685952,156491707712.0,10.0,320.0,0.0,0.0,0.0,0.0,0.0,0.0,0.0,0.0,110.0,10.0,0.0,0.0,0.0,0.0,660.0,780.0,1780.0,0.0,0.0,0.0,0.0,0.0,0.0
1157974504192315392,15649176112.0,50.0,500.0,0.0,0.0,10.0,0.0,0.0,0.0,0.0,0.0,200.0,0.0,0.0,0.0,0.0,0.0,1080.0,12670.0,45590.0,0.0,60.0,0.0,0.0,0.0,0.0
1157974504192315392,15649176112.0,50.0,500.0,0.0,0.0,10.0,0.0,0.0,0.0,0.0,0.0,200.0,0.0,0.0,0.0,0.0,0.0,1080.0,12670.0,45590.0,0.0,60.0,0.0,0.0,0.0,0.0
1157974504192315392,15649176112.0,50.0,500.0,0.0,0.0,10.0,0.0,0.0,0.0,0.0,0.0,200.0,0.0,0.0,0.0,0.0,0.0,1080.0,12670.0,45590.0,0.0,60.0,0.0,0.0,0.0,0.0
1157977554369671168,156491833712.0,30.0,550.0,10.0,0.0,0.0,0.0,0.0,0.0,0.0,0.0,140.0,10.0,0.0,0.0,0.0,0.0,780.0,2160.0,1720.0,0.0,10.0,0.0,0.0,0.0,0.0
1157977554369671168,156491833712.0,30.0,550.0,10.0,0.0,0.0,0.0,0.0,0.0,0.0,0.0,140.0,10.0,0.0,0.0,0.0,0.0,780.0,2160.0,1720.0,0.0,10.0,0.0,0.0,0.0,0.0
1157977554369671168,156491833712.0,30.0,550.0,10.0,0.0,0.0,0.0,0.0,0.0,0.0,0.0,140.0,10.0,0.0,0.0,0.0,0.0,780.0,2160.0,1720.0,0.0,10.0,0.0,0.0,0.0,0.0
1157978432975843328,156491854712.0,550.0,10.0,20.0,0.0,0.0,0.0,0.0,0.0,0.0,0.0,160.0,0.0,0.0,0.0,0.0,0.0,610.0,200.0,620.0,0.0,0.0,0.0,0.0,0.0,0.0
1157978432975843328,156491854712.0,550.0,10.0,20.0,0.0,0.0,0.0,0.0,0.0,0.0,0.0,160.0,0.0,0.0,0.0,0.0,0.0,610.0,200.0,620.0,0.0,0.0,0.0,0.0,0.0,0.0
1157978432975843328,156491854712.0,550.0,10.0,20.0,0.0,0.0,0.0,0.0,0.0,0.0,0.0,160.0,0.0,0.0,0.0,0.0,0.0,610.0,200.0,620.0,0.0,0.0,0.0,0.0,0.0,0.0
1157979879796875264,156491889212.0,20.0,590.0,0.0,0.0,0.0,0.0,0.0,0.0,0.0,0.0,1050.0,0.0,0.0,0.0,0.0,0.0,2180.0,7450.0,7700.0,0.0,100.0,0.0,0.0,0.0,0.0
1157979879796875264,156491889212.0,20.0,590.0,0.0,0.0,0.0,0.0,0.0,0.0,0.0,0.0,1050.0,0.0,0.0,0.0,0.0,0.0,2180.0,7450.0,7700.0,0.0,100.0,0.0,0.0,0.0,0.0
1157979879796875264,156491889212.0,20.0,590.0,0.0,0.0,0.0,0.0,0.0,0.0,0.0,0.0,1050.0,0.0,0.0,0.0,0.0,0.0,2180.0,7450.0,7700.0,0.0,100.0,0.0,0.0,0.0,0.0
1157980724856860672,156491909312.0,130.0,420.0,0.0,0.0,10.0,0.0,0.0,0.0,0.0,0.0,180.0,0.0,0.0,0.0,0.0,0.0,670.0,98660.0,850.0,0.0,2490.0,0.0,0.0,0.0,0.0
1157980724856860672,156491909312.0,130.0,420.0,0.0,0.0,10.0,0.0,0.0,0.0,0.0,0.0,180.0,0.0,0.0,0.0,0.0,0.0,670.0,98660.0,850.0,0.0,2490.0,0.0,0.0,0.0,0.0
1157980724856860672,156491909312.0,130.0,420.0,0.0,0.0,10.0,0.0,0.0,0.0,0.0,0.0,180.0,0.0,0.0,0.0,0.0,0.0,670.0,98660.0,850.0,0.0,2490.0,0.0,0.0,0.0,0.0
1157981728608329728,156491933312.0,10.0,600.0,0.0,0.0,0.0,0.0,0.0,0.0,0.0,0.0,1060.0,0.0,0.0,0.0,0.0,0.0,2250.0,7450.0,7700.0,0.0,100.0,0.0,0.0,0.0,0.0
1157981728608329728,156491933312.0,10.0,600.0,0.0,0.0,0.0,0.0,0.0,0.0,0.0,0.0,1060.0,0.0,0.0,0.0,0.0,0.0,2250.0,7450.0,7700.0,0.0,100.0,0.0,0.0,0.0,0.0
1157981728608329728,156491933312.0,10.0,600.0,0.0,0.0,0.0,0.0,0.0,0.0,0.0,0.0,1060.0,0.0,0.0,0.0,0.0,0.0,2250.0,7450.0,7700.0,0.0,100.0,0.0,0.0,0.0,0.0
1157993176495321088,156492206212.0,80.0,600.0,0.0,0.0,0.0,0.0,0.0,0.0,0.0,0.0,160.0,0.0,0.0,0.0,0.0,0.0,700.0,30210.0,30670.0,0.0,20.0,0.0,0.0,0.0,0.0
1157993176495321088,156492206212.0,80.0,600.0,0.0,0.0,0.0,0.0,0.0,0.0,0.0,0.0,160.0,0.0,0.0,0.0,0.0,0.0,700.0,30210.0,30670.0,0.0,20.0,0.0,0.0,0.0,0.0
1157993176495321088,156492206212.0,80.0,600.0,0.0,0.0,0.0,0.0,0.0,0.0,0.0,0.0,160.0,0.0,0.0,0.0,0.0,0.0,700.0,30210.0,30670.0,0.0,20.0,0.0,0.0,0.0,0.0
1158009470456348672,156492594712.0,90.0,340.0,0.0,0.0,10.0,0.0,0.0,0.0,0.0,0.0,140.0,0.0,0.0,0.0,0.0,0.0,820.0,50.0,430.0,0.0,0.0,0.0,0.0,0.0,0.0
1158009470456348672,156492594712.0,90.0,340.0,0.0,0.0,10.0,0.0,0.0,0.0,0.0,0.0,140.0,0.0,0.0,0.0,0.0,0.0,820.0,50.0,430.0,0.0,0.0,0.0,0.0,0.0,0.0
1158009470456348672,156492594712.0,90.0,340.0,0.0,0.0,10.0,0.0,0.0,0.0,0.0,0.0,140.0,0.0,0.0,0.0,0.0,0.0,820.0,50.0,430.0,0.0,0.0,0.0,0.0,0.0,0.0
1158022455425949696,156492904312.0,210.0,440.0,0.0,0.0,10.0,0.0,0.0,0.0,0.0,0.0,190.0,0.0,0.0,0.0,0.0,0.0,880.0,9750.0,13650.0,0.0,1140.0,0.0,0.0,0.0,0.0
1158022455425949696,156492904312.0,210.0,440.0,0.0,0.0,10.0,0.0,0.0,0.0,0.0,0.0,190.0,0.0,0.0,0.0,0.0,0.0,880.0,9750.0,13650.0,0.0,1140.0,0.0,0.0,0.0,0.0
1158022455425949696,156492904312.0,210.0,440.0,0.0,0.0,10.0,0.0,0.0,0.0,0.0,0.0,190.0,0.0,0.0,0.0,0.0,0.0,880.0,9750.0,13650.0,0.0,1140.0,0.0,0.0,0.0,0.0
1158026173911359488,156492992912.0,40.0,630.0,0.0,0.0,10.0,0.0,0.0,0.0,0.0,0.0,180.0,0.0,0.0,0.0,0.0,0.0,820.0,56930.0,44130.0,0.0,1870.0,0.0,0.0,0.0,0.0
1158026173911359488,156492992912.0,40.0,630.0,0.0,0.0,10.0,0.0,0.0,0.0,0.0,0.0,180.0,0.0,0.0,0.0,0.0,0.0,820.0,56930.0,44130.0,0.0,1870.0,0.0,0.0,0.0,0.0
1158026173911359488,156492992912.0,40.0,630.0,0.0,0.0,10.0,0.0,0.0,0.0,0.0,0.0,180.0,0.0,0.0,0.0,0.0,0.0,820.0,56930.0,44130.0,0.0,1870.0,0.0,0.0,0.0,0.0
1158044301064118272,156493425112.0,150.0,140.0,0.0,0.0,10.0,0.0,0.0,0.0,0.0,0.0,280.0,0.0,0.0,0.0,0.0,0.0,1200.0,35510.0,31120.0,0.0,180.0,0.0,0.0,0.0,0.0
1158044301064118272,156493425112.0,150.0,140.0,0.0,0.0,10.0,0.0,0.0,0.0,0.0,0.0,280.0,0.0,0.0,0.0,0.0,0.0,1200.0,35510.0,31120.0,0.0,180.0,0.0,0.0,0.0,0.0
1158044301064118272,156493425112.0,150.0,140.0,0.0,0.0,10.0,0.0,0.0,0.0,0.0,0.0,280.0,0.0,0.0,0.0,0.0,0.0,1200.0,35510.0,31120.0,0.0,180.0,0.0,0.0,0.0,0.0
1158046641166925824,156493480912.0,60.0,420.0,20.0,10.0,0.0,0.0,0.0,0.0,0.0,0.0,250.0,0.0,0.0,0.0,0.0,0.0,1220.0,1880.0,2130.0,0.0,10.0,0.0,0.0,0.0,0.0
1158046641166925824,156493480912.0,60.0,420.0,20.0,10.0,0.0,0.0,0.0,0.0,0.0,0.0,250.0,0.0,0.0,0.0,0.0,0.0,1220.0,1880.0,2130.0,0.0,10.0,0.0,0.0,0.0,0.0
1158046641166925824,156493480912.0,60.0,420.0,20.0,10.0,0.0,0.0,0.0,0.0,0.0,0.0,250.0,0.0,0.0,0.0,0.0,0.0,1220.0,1880.0,2130.0,0.0,10.0,0.0,0.0,0.0,0.0
1158047443449253888,156493512.0,90.0,390.0,0.0,0.0,10.0,0.0,0.0,0.0,0.0,0.0,200.0,0.0,0.0,0.0,0.0,0.0,880.0,21600.0,18180.0,0.0,390.0,0.0,0.0,0.0,0.0
1158047443449253888,156493512.0,90.0,390.0,0.0,0.0,10.0,0.0,0.0,0.0,0.0,0.0,200.0,0.0,0.0,0.0,0.0,0.0,880.0,21600.0,18180.0,0.0,390.0,0.0,0.0,0.0,0.0
1158047443449253888,156493512.0,90.0,390.0,0.0,0.0,10.0,0.0,0.0,0.0,0.0,0.0,200.0,0.0,0.0,0.0,0.0,0.0,880.0,21600.0,18180.0,0.0,390.0,0.0,0.0,0.0,0.0
1158050848871714816,156493581212.0,50.0,580.0,10.0,0.0,0.0,0.0,0.0,0.0,0.0,0.0,80.0,0.0,0.0,0.0,0.0,0.0,670.0,1990.0,26990.0,0.0,50.0,0.0,0.0,0.0,0.0
1158050848871714816,156493581212.0,50.0,580.0,10.0,0.0,0.0,0.0,0.0,0.0,0.0,0.0,80.0,0.0,0.0,0.0,0.0,0.0,670.0,1990.0,26990.0,0.0,50.0,0.0,0.0,0.0,0.0
1158050848871714816,156493581212.0,50.0,580.0,10.0,0.0,0.0,0.0,0.0,0.0,0.0,0.0,80.0,0.0,0.0,0.0,0.0,0.0,670.0,1990.0,26990.0,0.0,50.0,0.0,0.0,0.0,0.0
1158060968443875328,156493822512.0,210.0,260.0,10.0,0.0,0.0,0.0,0.0,0.0,0.0,0.0,140.0,0.0,0.0,0.0,0.0,0.0,770.0,670.0,1980.0,0.0,60.0,0.0,0.0,0.0,0.0
1158060968443875328,156493822512.0,210.0,260.0,10.0,0.0,0.0,0.0,0.0,0.0,0.0,0.0,140.0,0.0,0.0,0.0,0.0,0.0,770.0,670.0,1980.0,0.0,60.0,0.0,0.0,0.0,0.0
1158060968443875328,156493822512.0,210.0,260.0,10.0,0.0,0.0,0.0,0.0,0.0,0.0,0.0,140.0,0.0,0.0,0.0,0.0,0.0,770.0,670.0,1980.0,0.0,60.0,0.0,0.0,0.0,0.0
1158069397078126592,156494023412.0,20.0,570.0,10.0,0.0,0.0,0.0,0.0,0.0,0.0,0.0,160.0,10.0,0.0,0.0,0.0,0.0,870.0,910.0,580.0,0.0,60.0,0.0,0.0,0.0,0.0
1158069397078126592,156494023412.0,20.0,570.0,10.0,0.0,0.0,0.0,0.0,0.0,0.0,0.0,160.0,10.0,0.0,0.0,0.0,0.0,870.0,910.0,580.0,0.0,60.0,0.0,0.0,0.0,0.0
1158069397078126592,156494023412.0,20.0,570.0,10.0,0.0,0.0,0.0,0.0,0.0,0.0,0.0,160.0,10.0,0.0,0.0,0.0,0.0,870.0,910.0,580.0,0.0,60.0,0.0,0.0,0.0,0.0
1158070821199331328,156494057412.0,150.0,260.0,10.0,0.0,0.0,0.0,0.0,0.0,0.0,0.0,180.0,0.0,0.0,0.0,0.0,0.0,900.0,4430.0,23680.0,0.0,40.0,0.0,0.0,0.0,0.0
1158070821199331328,156494057412.0,150.0,260.0,10.0,0.0,0.0,0.0,0.0,0.0,0.0,0.0,180.0,0.0,0.0,0.0,0.0,0.0,900.0,4430.0,23680.0,0.0,40.0,0.0,0.0,0.0,0.0
1158070821199331328,156494057412.0,150.0,260.0,10.0,0.0,0.0,0.0,0.0,0.0,0.0,0.0,180.0,0.0,0.0,0.0,0.0,0.0,900.0,4430.0,23680.0,0.0,40.0,0.0,0.0,0.0,0.0
1158075104070385664,156494159512.0,160.0,280.0,10.0,0.0,0.0,0.0,0.0,0.0,0.0,0.0,180.0,30.0,0.0,0.0,0.0,0.0,890.0,5210.0,7750.0,0.0,10.0,0.0,0.0,0.0,0.0
1158075104070385664,156494159512.0,160.0,280.0,10.0,0.0,0.0,0.0,0.0,0.0,0.0,0.0,180.0,30.0,0.0,0.0,0.0,0.0,890.0,5210.0,7750.0,0.0,10.0,0.0,0.0,0.0,0.0
1158075104070385664,156494159512.0,160.0,280.0,10.0,0.0,0.0,0.0,0.0,0.0,0.0,0.0,180.0,30.0,0.0,0.0,0.0,0.0,890.0,5210.0,7750.0,0.0,10.0,0.0,0.0,0.0,0.0
1158080617851998208,15649429112.0,20.0,530.0,10.0,0.0,0.0,0.0,0.0,0.0,0.0,0.0,180.0,10.0,0.0,0.0,0.0,0.0,1010.0,3030.0,9950.0,0.0,10.0,0.0,0.0,0.0,0.0
1158080617851998208,15649429112.0,20.0,530.0,10.0,0.0,0.0,0.0,0.0,0.0,0.0,0.0,180.0,10.0,0.0,0.0,0.0,0.0,1010.0,3030.0,9950.0,0.0,10.0,0.0,0.0,0.0,0.0
1158080617851998208,15649429112.0,20.0,530.0,10.0,0.0,0.0,0.0,0.0,0.0,0.0,0.0,180.0,10.0,0.0,0.0,0.0,0.0,1010.0,3030.0,9950.0,0.0,10.0,0.0,0.0,0.0,0.0
1158083846577053696,156494367912.0,20.0,650.0,10.0,0.0,0.0,0.0,0.0,0.0,0.0,0.0,860.0,0.0,0.0,0.0,0.0,0.0,1940.0,3350.0,2110.0,0.0,50.0,0.0,0.0,0.0,0.0
1158083846577053696,156494367912.0,20.0,650.0,10.0,0.0,0.0,0.0,0.0,0.0,0.0,0.0,860.0,0.0,0.0,0.0,0.0,0.0,1940.0,3350.0,2110.0,0.0,50.0,0.0,0.0,0.0,0.0
1158083846577053696,156494367912.0,20.0,650.0,10.0,0.0,0.0,0.0,0.0,0.0,0.0,0.0,860.0,0.0,0.0,0.0,0.0,0.0,1940.0,3350.0,2110.0,0.0,50.0,0.0,0.0,0.0,0.0
1158083846908153856,156494367912.0,10.0,580.0,0.0,10.0,10.0,0.0,0.0,0.0,0.0,0.0,1640.0,0.0,0.0,0.0,0.0,0.0,3440.0,850.0,1120.0,0.0,10.0,0.0,0.0,0.0,0.0
1158083846908153856,156494367912.0,10.0,580.0,0.0,10.0,10.0,0.0,0.0,0.0,0.0,0.0,1640.0,0.0,0.0,0.0,0.0,0.0,3440.0,850.0,1120.0,0.0,10.0,0.0,0.0,0.0,0.0
1158083846908153856,156494367912.0,10.0,580.0,0.0,10.0,10.0,0.0,0.0,0.0,0.0,0.0,1640.0,0.0,0.0,0.0,0.0,0.0,3440.0,850.0,1120.0,0.0,10.0,0.0,0.0,0.0,0.0
1158085478219952128,156494406812.0,20.0,660.0,30.0,0.0,0.0,0.0,0.0,0.0,0.0,0.0,750.0,0.0,0.0,0.0,0.0,0.0,1900.0,5570.0,8430.0,0.0,120.0,0.0,0.0,0.0,0.0
1158085478219952128,156494406812.0,20.0,660.0,30.0,0.0,0.0,0.0,0.0,0.0,0.0,0.0,750.0,0.0,0.0,0.0,0.0,0.0,1900.0,5570.0,8430.0,0.0,120.0,0.0,0.0,0.0,0.0
1158085478219952128,156494406812.0,20.0,660.0,30.0,0.0,0.0,0.0,0.0,0.0,0.0,0.0,750.0,0.0,0.0,0.0,0.0,0.0,1900.0,5570.0,8430.0,0.0,120.0,0.0,0.0,0.0,0.0
1158089707244228608,156494507712.0,90.0,530.0,0.0,0.0,10.0,0.0,0.0,0.0,0.0,0.0,220.0,0.0,0.0,0.0,0.0,0.0,1100.0,24840.0,50000.0,0.0,1890.0,0.0,0.0,0.0,0.0
1158089707244228608,156494507712.0,90.0,530.0,0.0,0.0,10.0,0.0,0.0,0.0,0.0,0.0,220.0,0.0,0.0,0.0,0.0,0.0,1100.0,24840.0,50000.0,0.0,1890.0,0.0,0.0,0.0,0.0
1158089707244228608,156494507712.0,90.0,530.0,0.0,0.0,10.0,0.0,0.0,0.0,0.0,0.0,220.0,0.0,0.0,0.0,0.0,0.0,1100.0,24840.0,50000.0,0.0,1890.0,0.0,0.0,0.0,0.0
1158092636764475392,156494577512.0,40.0,650.0,0.0,10.0,10.0,0.0,0.0,0.0,0.0,0.0,270.0,0.0,0.0,0.0,0.0,0.0,850.0,4050.0,6940.0,0.0,640.0,0.0,0.0,0.0,0.0
1158092636764475392,156494577512.0,40.0,650.0,0.0,10.0,10.0,0.0,0.0,0.0,0.0,0.0,270.0,0.0,0.0,0.0,0.0,0.0,850.0,4050.0,6940.0,0.0,640.0,0.0,0.0,0.0,0.0
1158092636764475392,156494577512.0,40.0,650.0,0.0,10.0,10.0,0.0,0.0,0.0,0.0,0.0,270.0,0.0,0.0,0.0,0.0,0.0,850.0,4050.0,6940.0,0.0,640.0,0.0,0.0,0.0,0.0
1158096627439198208,156494672712.0,0.0,0.0,10.0,0.0,0.0,0.0,0.0,0.0,0.0,0.0,160.0,0.0,0.0,0.0,0.0,0.0,700.0,31420.0,36730.0,0.0,0.0,0.0,0.0,0.0,0.0
1158096627439198208,156494672712.0,0.0,0.0,10.0,0.0,0.0,0.0,0.0,0.0,0.0,0.0,160.0,0.0,0.0,0.0,0.0,0.0,700.0,31420.0,36730.0,0.0,0.0,0.0,0.0,0.0,0.0
1158096627439198208,156494672712.0,0.0,0.0,10.0,0.0,0.0,0.0,0.0,0.0,0.0,0.0,160.0,0.0,0.0,0.0,0.0,0.0,700.0,31420.0,36730.0,0.0,0.0,0.0,0.0,0.0,0.0
1158110575077068800,156495005212.0,40.0,610.0,0.0,10.0,10.0,0.0,0.0,0.0,0.0,0.0,240.0,0.0,0.0,0.0,0.0,0.0,1000.0,27830.0,21660.0,0.0,640.0,0.0,0.0,0.0,0.0
1158110575077068800,156495005212.0,40.0,610.0,0.0,10.0,10.0,0.0,0.0,0.0,0.0,0.0,240.0,0.0,0.0,0.0,0.0,0.0,1000.0,27830.0,21660.0,0.0,640.0,0.0,0.0,0.0,0.0
1158110575077068800,156495005212.0,40.0,610.0,0.0,10.0,10.0,0.0,0.0,0.0,0.0,0.0,240.0,0.0,0.0,0.0,0.0,0.0,1000.0,27830.0,21660.0,0.0,640.0,0.0,0.0,0.0,0.0
1158112715753349120,156495056212.0,90.0,430.0,10.0,0.0,0.0,0.0,0.0,0.0,0.0,0.0,110.0,0.0,0.0,0.0,0.0,0.0,590.0,270.0,250.0,0.0,0.0,0.0,0.0,0.0,0.0
1158112715753349120,156495056212.0,90.0,430.0,10.0,0.0,0.0,0.0,0.0,0.0,0.0,0.0,110.0,0.0,0.0,0.0,0.0,0.0,590.0,270.0,250.0,0.0,0.0,0.0,0.0,0.0,0.0
1158112715753349120,156495056212.0,90.0,430.0,10.0,0.0,0.0,0.0,0.0,0.0,0.0,0.0,110.0,0.0,0.0,0.0,0.0,0.0,590.0,270.0,250.0,0.0,0.0,0.0,0.0,0.0,0.0
1158118861041913856,156495202712.0,150.0,140.0,0.0,0.0,10.0,0.0,0.0,0.0,0.0,0.0,250.0,0.0,0.0,0.0,0.0,0.0,1170.0,254760.0,279390.0,0.0,140.0,0.0,0.0,0.0,0.0
1158118861041913856,156495202712.0,150.0,140.0,0.0,0.0,10.0,0.0,0.0,0.0,0.0,0.0,250.0,0.0,0.0,0.0,0.0,0.0,1170.0,254760.0,279390.0,0.0,140.0,0.0,0.0,0.0,0.0
1158118861041913856,156495202712.0,150.0,140.0,0.0,0.0,10.0,0.0,0.0,0.0,0.0,0.0,250.0,0.0,0.0,0.0,0.0,0.0,1170.0,254760.0,279390.0,0.0,140.0,0.0,0.0,0.0,0.0
1158120113188610048,156495232612.0,50.0,620.0,10.0,0.0,10.0,0.0,0.0,0.0,0.0,0.0,540.0,0.0,0.0,0.0,0.0,0.0,2280.0,5620.0,9630.0,0.0,10.0,0.0,0.0,0.0,0.0
1158120113188610048,156495232612.0,50.0,620.0,10.0,0.0,10.0,0.0,0.0,0.0,0.0,0.0,540.0,0.0,0.0,0.0,0.0,0.0,2280.0,5620.0,9630.0,0.0,10.0,0.0,0.0,0.0,0.0
1158120113188610048,156495232612.0,50.0,620.0,10.0,0.0,10.0,0.0,0.0,0.0,0.0,0.0,540.0,0.0,0.0,0.0,0.0,0.0,2280.0,5620.0,9630.0,0.0,10.0,0.0,0.0,0.0,0.0
1158123081845620736,156495303412.0,80.0,540.0,10.0,0.0,10.0,0.0,0.0,0.0,0.0,0.0,170.0,0.0,0.0,0.0,0.0,0.0,780.0,5030.0,5660.0,0.0,110.0,0.0,0.0,0.0,0.0
1158123081845620736,156495303412.0,80.0,540.0,10.0,0.0,10.0,0.0,0.0,0.0,0.0,0.0,170.0,0.0,0.0,0.0,0.0,0.0,780.0,5030.0,5660.0,0.0,110.0,0.0,0.0,0.0,0.0
1158123081845620736,156495303412.0,80.0,540.0,10.0,0.0,10.0,0.0,0.0,0.0,0.0,0.0,170.0,0.0,0.0,0.0,0.0,0.0,780.0,5030.0,5660.0,0.0,110.0,0.0,0.0,0.0,0.0
1158132142968320000,156495519412.0,100.0,530.0,10.0,0.0,10.0,0.0,0.0,0.0,0.0,0.0,560.0,0.0,0.0,0.0,0.0,0.0,2280.0,44740.0,43550.0,0.0,0.0,0.0,0.0,0.0,0.0
1158132142968320000,156495519412.0,100.0,530.0,10.0,0.0,10.0,0.0,0.0,0.0,0.0,0.0,560.0,0.0,0.0,0.0,0.0,0.0,2280.0,44740.0,43550.0,0.0,0.0,0.0,0.0,0.0,0.0
1158132142968320000,156495519412.0,100.0,530.0,10.0,0.0,10.0,0.0,0.0,0.0,0.0,0.0,560.0,0.0,0.0,0.0,0.0,0.0,2280.0,44740.0,43550.0,0.0,0.0,0.0,0.0,0.0,0.0
1158138108308840448,156495661612.0,110.0,220.0,10.0,0.0,0.0,0.0,0.0,0.0,0.0,0.0,90.0,10.0,0.0,0.0,0.0,0.0,570.0,30.0,0.0,0.0,0.0,0.0,0.0,0.0,0.0
1158138108308840448,156495661612.0,110.0,220.0,10.0,0.0,0.0,0.0,0.0,0.0,0.0,0.0,90.0,10.0,0.0,0.0,0.0,0.0,570.0,30.0,0.0,0.0,0.0,0.0,0.0,0.0,0.0
1158138108308840448,156495661612.0,110.0,220.0,10.0,0.0,0.0,0.0,0.0,0.0,0.0,0.0,90.0,10.0,0.0,0.0,0.0,0.0,570.0,30.0,0.0,0.0,0.0,0.0,0.0,0.0,0.0
1158151686487257088,156495985412.0,80.0,550.0,0.0,10.0,10.0,0.0,0.0,0.0,0.0,0.0,310.0,0.0,0.0,0.0,0.0,0.0,1360.0,2650.0,1440.0,0.0,10.0,0.0,0.0,0.0,0.0
1158151686487257088,156495985412.0,80.0,550.0,0.0,10.0,10.0,0.0,0.0,0.0,0.0,0.0,310.0,0.0,0.0,0.0,0.0,0.0,1360.0,2650.0,1440.0,0.0,10.0,0.0,0.0,0.0,0.0
1158151686487257088,156495985412.0,80.0,550.0,0.0,10.0,10.0,0.0,0.0,0.0,0.0,0.0,310.0,0.0,0.0,0.0,0.0,0.0,1360.0,2650.0,1440.0,0.0,10.0,0.0,0.0,0.0,0.0
1158156941052579840,156496110612.0,110.0,520.0,30.0,0.0,0.0,0.0,0.0,0.0,0.0,0.0,140.0,0.0,0.0,0.0,0.0,0.0,920.0,3070.0,2350.0,0.0,0.0,0.0,0.0,0.0,0.0
1158156941052579840,156496110612.0,110.0,520.0,30.0,0.0,0.0,0.0,0.0,0.0,0.0,0.0,140.0,0.0,0.0,0.0,0.0,0.0,920.0,3070.0,2350.0,0.0,0.0,0.0,0.0,0.0,0.0
1158156941052579840,156496110612.0,110.0,520.0,30.0,0.0,0.0,0.0,0.0,0.0,0.0,0.0,140.0,0.0,0.0,0.0,0.0,0.0,920.0,3070.0,2350.0,0.0,0.0,0.0,0.0,0.0,0.0
1158164830936850432,156496298812.0,60.0,70.0,10.0,0.0,0.0,0.0,0.0,0.0,0.0,0.0,90.0,10.0,0.0,0.0,0.0,0.0,410.0,949340.0,9990.0,0.0,27680.0,0.0,0.0,0.0,0.0
1158164830936850432,156496298812.0,60.0,70.0,10.0,0.0,0.0,0.0,0.0,0.0,0.0,0.0,90.0,10.0,0.0,0.0,0.0,0.0,410.0,949340.0,9990.0,0.0,27680.0,0.0,0.0,0.0,0.0
1158164830936850432,156496298812.0,60.0,70.0,10.0,0.0,0.0,0.0,0.0,0.0,0.0,0.0,90.0,10.0,0.0,0.0,0.0,0.0,410.0,949340.0,9990.0,0.0,27680.0,0.0,0.0,0.0,0.0
1158182268323549184,156496714512.0,20.0,450.0,0.0,0.0,0.0,0.0,0.0,0.0,0.0,0.0,90.0,10.0,0.0,0.0,0.0,0.0,520.0,2560.0,2640.0,0.0,0.0,0.0,0.0,0.0,0.0
1158182268323549184,156496714512.0,20.0,450.0,0.0,0.0,0.0,0.0,0.0,0.0,0.0,0.0,90.0,10.0,0.0,0.0,0.0,0.0,520.0,2560.0,2640.0,0.0,0.0,0.0,0.0,0.0,0.0
1158182268323549184,156496714512.0,20.0,450.0,0.0,0.0,0.0,0.0,0.0,0.0,0.0,0.0,90.0,10.0,0.0,0.0,0.0,0.0,520.0,2560.0,2640.0,0.0,0.0,0.0,0.0,0.0,0.0
1158182284085739520,156496714912.0,80.0,210.0,10.0,0.0,0.0,0.0,0.0,0.0,0.0,0.0,130.0,60.0,0.0,0.0,0.0,0.0,690.0,170.0,1580.0,0.0,0.0,0.0,0.0,0.0,0.0
1158182284085739520,156496714912.0,80.0,210.0,10.0,0.0,0.0,0.0,0.0,0.0,0.0,0.0,130.0,60.0,0.0,0.0,0.0,0.0,690.0,170.0,1580.0,0.0,0.0,0.0,0.0,0.0,0.0
1158182284085739520,156496714912.0,80.0,210.0,10.0,0.0,0.0,0.0,0.0,0.0,0.0,0.0,130.0,60.0,0.0,0.0,0.0,0.0,690.0,170.0,1580.0,0.0,0.0,0.0,0.0,0.0,0.0
1158185787223097344,156496798412.0,400.0,130.0,20.0,0.0,10.0,0.0,0.0,0.0,0.0,0.0,680.0,0.0,0.0,0.0,0.0,0.0,2410.0,1572120.0,12700.0,0.0,6650.0,0.0,0.0,0.0,0.0
1158185787223097344,156496798412.0,400.0,130.0,20.0,0.0,10.0,0.0,0.0,0.0,0.0,0.0,680.0,0.0,0.0,0.0,0.0,0.0,2410.0,1572120.0,12700.0,0.0,6650.0,0.0,0.0,0.0,0.0
1158185787223097344,156496798412.0,400.0,130.0,20.0,0.0,10.0,0.0,0.0,0.0,0.0,0.0,680.0,0.0,0.0,0.0,0.0,0.0,2410.0,1572120.0,12700.0,0.0,6650.0,0.0,0.0,0.0,0.0
1158190616012083200,156496913512.0,30.0,670.0,10.0,0.0,0.0,0.0,0.0,0.0,0.0,0.0,130.0,0.0,0.0,0.0,0.0,0.0,570.0,34310.0,8090.0,0.0,860.0,0.0,0.0,0.0,0.0
1158190616012083200,156496913512.0,30.0,670.0,10.0,0.0,0.0,0.0,0.0,0.0,0.0,0.0,130.0,0.0,0.0,0.0,0.0,0.0,570.0,34310.0,8090.0,0.0,860.0,0.0,0.0,0.0,0.0
1158190616012083200,156496913512.0,30.0,670.0,10.0,0.0,0.0,0.0,0.0,0.0,0.0,0.0,130.0,0.0,0.0,0.0,0.0,0.0,570.0,34310.0,8090.0,0.0,860.0,0.0,0.0,0.0,0.0
1158192559400923136,156496959812.0,0.0,0.0,10.0,0.0,0.0,0.0,0.0,0.0,0.0,0.0,190.0,30.0,0.0,0.0,0.0,0.0,690.0,2720.0,8530.0,0.0,240.0,0.0,0.0,0.0,0.0
1158192559400923136,156496959812.0,0.0,0.0,10.0,0.0,0.0,0.0,0.0,0.0,0.0,0.0,190.0,30.0,0.0,0.0,0.0,0.0,690.0,2720.0,8530.0,0.0,240.0,0.0,0.0,0.0,0.0
1158192559400923136,156496959812.0,0.0,0.0,10.0,0.0,0.0,0.0,0.0,0.0,0.0,0.0,190.0,30.0,0.0,0.0,0.0,0.0,690.0,2720.0,8530.0,0.0,240.0,0.0,0.0,0.0,0.0
1158193671142961152,156496986412.0,150.0,140.0,0.0,0.0,10.0,0.0,0.0,0.0,0.0,0.0,180.0,10.0,0.0,0.0,0.0,0.0,740.0,2910.0,3200.0,0.0,0.0,0.0,0.0,0.0,0.0
1158193671142961152,156496986412.0,150.0,140.0,0.0,0.0,10.0,0.0,0.0,0.0,0.0,0.0,180.0,10.0,0.0,0.0,0.0,0.0,740.0,2910.0,3200.0,0.0,0.0,0.0,0.0,0.0,0.0
1158193671142961152,156496986412.0,150.0,140.0,0.0,0.0,10.0,0.0,0.0,0.0,0.0,0.0,180.0,10.0,0.0,0.0,0.0,0.0,740.0,2910.0,3200.0,0.0,0.0,0.0,0.0,0.0,0.0
1158210129898196992,156497378812.0,50.0,670.0,30.0,0.0,0.0,0.0,0.0,0.0,0.0,0.0,180.0,0.0,0.0,0.0,0.0,0.0,1060.0,28090.0,27090.0,0.0,40.0,0.0,0.0,0.0,0.0
1158210129898196992,156497378812.0,50.0,670.0,30.0,0.0,0.0,0.0,0.0,0.0,0.0,0.0,180.0,0.0,0.0,0.0,0.0,0.0,1060.0,28090.0,27090.0,0.0,40.0,0.0,0.0,0.0,0.0
1158210129898196992,156497378812.0,50.0,670.0,30.0,0.0,0.0,0.0,0.0,0.0,0.0,0.0,180.0,0.0,0.0,0.0,0.0,0.0,1060.0,28090.0,27090.0,0.0,40.0,0.0,0.0,0.0,0.0
1158245037517496320,15649821112.0,150.0,140.0,0.0,0.0,10.0,0.0,0.0,0.0,0.0,0.0,500.0,0.0,0.0,0.0,0.0,0.0,2010.0,920750.0,19440.0,0.0,31520.0,0.0,0.0,0.0,0.0
1158245037517496320,15649821112.0,150.0,140.0,0.0,0.0,10.0,0.0,0.0,0.0,0.0,0.0,500.0,0.0,0.0,0.0,0.0,0.0,2010.0,920750.0,19440.0,0.0,31520.0,0.0,0.0,0.0,0.0
1158245037517496320,15649821112.0,150.0,140.0,0.0,0.0,10.0,0.0,0.0,0.0,0.0,0.0,500.0,0.0,0.0,0.0,0.0,0.0,2010.0,920750.0,19440.0,0.0,31520.0,0.0,0.0,0.0,0.0
1158246501006499840,156498245912.0,110.0,280.0,10.0,0.0,0.0,0.0,0.0,0.0,0.0,0.0,150.0,20.0,0.0,0.0,0.0,0.0,750.0,0.0,200.0,0.0,0.0,0.0,0.0,0.0,0.0
1158246501006499840,156498245912.0,110.0,280.0,10.0,0.0,0.0,0.0,0.0,0.0,0.0,0.0,150.0,20.0,0.0,0.0,0.0,0.0,750.0,0.0,200.0,0.0,0.0,0.0,0.0,0.0,0.0
1158246501006499840,156498245912.0,110.0,280.0,10.0,0.0,0.0,0.0,0.0,0.0,0.0,0.0,150.0,20.0,0.0,0.0,0.0,0.0,750.0,0.0,200.0,0.0,0.0,0.0,0.0,0.0,0.0
1158254936804724736,15649844712.0,0.0,520.0,0.0,0.0,10.0,0.0,0.0,0.0,0.0,0.0,310.0,0.0,0.0,0.0,0.0,0.0,1550.0,250.0,590.0,0.0,0.0,0.0,0.0,0.0,0.0
1158254936804724736,15649844712.0,0.0,520.0,0.0,0.0,10.0,0.0,0.0,0.0,0.0,0.0,310.0,0.0,0.0,0.0,0.0,0.0,1550.0,250.0,590.0,0.0,0.0,0.0,0.0,0.0,0.0
1158254936804724736,15649844712.0,0.0,520.0,0.0,0.0,10.0,0.0,0.0,0.0,0.0,0.0,310.0,0.0,0.0,0.0,0.0,0.0,1550.0,250.0,590.0,0.0,0.0,0.0,0.0,0.0,0.0
1158262037962772480,156498616312.0,30.0,370.0,0.0,0.0,10.0,0.0,0.0,0.0,0.0,0.0,210.0,0.0,0.0,0.0,0.0,0.0,1070.0,112350.0,0.0,0.0,1810.0,0.0,0.0,0.0,0.0
1158262037962772480,156498616312.0,30.0,370.0,0.0,0.0,10.0,0.0,0.0,0.0,0.0,0.0,210.0,0.0,0.0,0.0,0.0,0.0,1070.0,112350.0,0.0,0.0,1810.0,0.0,0.0,0.0,0.0
1158262037962772480,156498616312.0,30.0,370.0,0.0,0.0,10.0,0.0,0.0,0.0,0.0,0.0,210.0,0.0,0.0,0.0,0.0,0.0,1070.0,112350.0,0.0,0.0,1810.0,0.0,0.0,0.0,0.0
1158280205393440768,156499049512.0,30.0,620.0,30.0,0.0,10.0,0.0,0.0,0.0,0.0,0.0,370.0,0.0,0.0,0.0,0.0,0.0,1620.0,6450.0,6120.0,0.0,40.0,0.0,0.0,0.0,0.0
1158280205393440768,156499049512.0,30.0,620.0,30.0,0.0,10.0,0.0,0.0,0.0,0.0,0.0,370.0,0.0,0.0,0.0,0.0,0.0,1620.0,6450.0,6120.0,0.0,40.0,0.0,0.0,0.0,0.0
1158280205393440768,156499049512.0,30.0,620.0,30.0,0.0,10.0,0.0,0.0,0.0,0.0,0.0,370.0,0.0,0.0,0.0,0.0,0.0,1620.0,6450.0,6120.0,0.0,40.0,0.0,0.0,0.0,0.0
1158290064004276224,156499284512.0,30.0,360.0,0.0,0.0,10.0,0.0,0.0,0.0,0.0,0.0,260.0,0.0,0.0,0.0,0.0,0.0,1090.0,2860.0,0.0,0.0,60.0,0.0,0.0,0.0,0.0
1158290064004276224,156499284512.0,30.0,360.0,0.0,0.0,10.0,0.0,0.0,0.0,0.0,0.0,260.0,0.0,0.0,0.0,0.0,0.0,1090.0,2860.0,0.0,0.0,60.0,0.0,0.0,0.0,0.0
1158290064004276224,156499284512.0,30.0,360.0,0.0,0.0,10.0,0.0,0.0,0.0,0.0,0.0,260.0,0.0,0.0,0.0,0.0,0.0,1090.0,2860.0,0.0,0.0,60.0,0.0,0.0,0.0,0.0
1158304284859162624,156499623612.0,10.0,570.0,0.0,0.0,10.0,0.0,0.0,0.0,0.0,0.0,740.0,0.0,0.0,0.0,0.0,0.0,3000.0,1360.0,13240.0,0.0,20.0,0.0,0.0,0.0,0.0
1158304284859162624,156499623612.0,10.0,570.0,0.0,0.0,10.0,0.0,0.0,0.0,0.0,0.0,740.0,0.0,0.0,0.0,0.0,0.0,3000.0,1360.0,13240.0,0.0,20.0,0.0,0.0,0.0,0.0
1158304284859162624,156499623612.0,10.0,570.0,0.0,0.0,10.0,0.0,0.0,0.0,0.0,0.0,740.0,0.0,0.0,0.0,0.0,0.0,3000.0,1360.0,13240.0,0.0,20.0,0.0,0.0,0.0,0.0
1158311185361584128,156499788112.0,40.0,340.0,10.0,10.0,10.0,0.0,0.0,0.0,0.0,0.0,240.0,0.0,0.0,0.0,0.0,0.0,980.0,190210.0,46370.0,0.0,6080.0,0.0,0.0,0.0,0.0
1158311185361584128,156499788112.0,40.0,340.0,10.0,10.0,10.0,0.0,0.0,0.0,0.0,0.0,240.0,0.0,0.0,0.0,0.0,0.0,980.0,190210.0,46370.0,0.0,6080.0,0.0,0.0,0.0,0.0
1158311185361584128,156499788112.0,40.0,340.0,10.0,10.0,10.0,0.0,0.0,0.0,0.0,0.0,240.0,0.0,0.0,0.0,0.0,0.0,980.0,190210.0,46370.0,0.0,6080.0,0.0,0.0,0.0,0.0
1158319755004190720,156499992412.0,0.0,570.0,20.0,0.0,0.0,0.0,0.0,0.0,0.0,0.0,310.0,0.0,0.0,0.0,0.0,0.0,1560.0,1260.0,9050.0,0.0,0.0,0.0,0.0,0.0,0.0
1158319755004190720,156499992412.0,0.0,570.0,20.0,0.0,0.0,0.0,0.0,0.0,0.0,0.0,310.0,0.0,0.0,0.0,0.0,0.0,1560.0,1260.0,9050.0,0.0,0.0,0.0,0.0,0.0,0.0
1158319755004190720,156499992412.0,0.0,570.0,20.0,0.0,0.0,0.0,0.0,0.0,0.0,0.0,310.0,0.0,0.0,0.0,0.0,0.0,1560.0,1260.0,9050.0,0.0,0.0,0.0,0.0,0.0,0.0
1158355878405390336,156500853712.0,60.0,490.0,0.0,0.0,10.0,0.0,0.0,0.0,0.0,0.0,150.0,0.0,0.0,0.0,0.0,0.0,650.0,76960.0,3070.0,0.0,3710.0,0.0,0.0,0.0,0.0
1158355878405390336,156500853712.0,60.0,490.0,0.0,0.0,10.0,0.0,0.0,0.0,0.0,0.0,150.0,0.0,0.0,0.0,0.0,0.0,650.0,76960.0,3070.0,0.0,3710.0,0.0,0.0,0.0,0.0
1158355878405390336,156500853712.0,60.0,490.0,0.0,0.0,10.0,0.0,0.0,0.0,0.0,0.0,150.0,0.0,0.0,0.0,0.0,0.0,650.0,76960.0,3070.0,0.0,3710.0,0.0,0.0,0.0,0.0
1158356202264387584,156500861412.0,50.0,530.0,0.0,10.0,10.0,0.0,0.0,0.0,0.0,0.0,230.0,0.0,0.0,0.0,0.0,0.0,890.0,14540.0,5630.0,0.0,150.0,0.0,0.0,0.0,0.0
1158356202264387584,156500861412.0,50.0,530.0,0.0,10.0,10.0,0.0,0.0,0.0,0.0,0.0,230.0,0.0,0.0,0.0,0.0,0.0,890.0,14540.0,5630.0,0.0,150.0,0.0,0.0,0.0,0.0
1158356202264387584,156500861412.0,50.0,530.0,0.0,10.0,10.0,0.0,0.0,0.0,0.0,0.0,230.0,0.0,0.0,0.0,0.0,0.0,890.0,14540.0,5630.0,0.0,150.0,0.0,0.0,0.0,0.0
1158362513295257600,156501011912.0,30.0,570.0,20.0,0.0,0.0,0.0,0.0,0.0,0.0,0.0,140.0,0.0,0.0,0.0,0.0,0.0,800.0,14770.0,14940.0,0.0,100.0,0.0,0.0,0.0,0.0
1158362513295257600,156501011912.0,30.0,570.0,20.0,0.0,0.0,0.0,0.0,0.0,0.0,0.0,140.0,0.0,0.0,0.0,0.0,0.0,800.0,14770.0,14940.0,0.0,100.0,0.0,0.0,0.0,0.0
1158362513295257600,156501011912.0,30.0,570.0,20.0,0.0,0.0,0.0,0.0,0.0,0.0,0.0,140.0,0.0,0.0,0.0,0.0,0.0,800.0,14770.0,14940.0,0.0,100.0,0.0,0.0,0.0,0.0
1158364795373928448,156501066312.0,150.0,140.0,0.0,0.0,10.0,0.0,0.0,0.0,0.0,0.0,220.0,0.0,0.0,0.0,0.0,0.0,1050.0,6400.0,7370.0,0.0,0.0,0.0,0.0,0.0,0.0
1158364795373928448,156501066312.0,150.0,140.0,0.0,0.0,10.0,0.0,0.0,0.0,0.0,0.0,220.0,0.0,0.0,0.0,0.0,0.0,1050.0,6400.0,7370.0,0.0,0.0,0.0,0.0,0.0,0.0
1158364795373928448,156501066312.0,150.0,140.0,0.0,0.0,10.0,0.0,0.0,0.0,0.0,0.0,220.0,0.0,0.0,0.0,0.0,0.0,1050.0,6400.0,7370.0,0.0,0.0,0.0,0.0,0.0,0.0
1158367762340859904,15650113712.0,10.0,680.0,0.0,10.0,0.0,0.0,0.0,0.0,0.0,0.0,760.0,0.0,0.0,0.0,0.0,0.0,3000.0,7950.0,5600.0,0.0,30.0,0.0,0.0,0.0,0.0
1158367762340859904,15650113712.0,10.0,680.0,0.0,10.0,0.0,0.0,0.0,0.0,0.0,0.0,760.0,0.0,0.0,0.0,0.0,0.0,3000.0,7950.0,5600.0,0.0,30.0,0.0,0.0,0.0,0.0
1158367762340859904,15650113712.0,10.0,680.0,0.0,10.0,0.0,0.0,0.0,0.0,0.0,0.0,760.0,0.0,0.0,0.0,0.0,0.0,3000.0,7950.0,5600.0,0.0,30.0,0.0,0.0,0.0,0.0
1158370233800769536,156501195912.0,40.0,630.0,40.0,0.0,10.0,0.0,0.0,0.0,0.0,0.0,420.0,0.0,0.0,0.0,0.0,0.0,1520.0,16390.0,31830.0,0.0,180.0,0.0,0.0,0.0,0.0
1158370233800769536,156501195912.0,40.0,630.0,40.0,0.0,10.0,0.0,0.0,0.0,0.0,0.0,420.0,0.0,0.0,0.0,0.0,0.0,1520.0,16390.0,31830.0,0.0,180.0,0.0,0.0,0.0,0.0
1158370233800769536,156501195912.0,40.0,630.0,40.0,0.0,10.0,0.0,0.0,0.0,0.0,0.0,420.0,0.0,0.0,0.0,0.0,0.0,1520.0,16390.0,31830.0,0.0,180.0,0.0,0.0,0.0,0.0
1158381973829763072,156501475812.0,150.0,140.0,10.0,0.0,0.0,0.0,0.0,0.0,0.0,0.0,180.0,0.0,0.0,0.0,0.0,0.0,700.0,16930.0,27180.0,0.0,360.0,0.0,0.0,0.0,0.0
1158381973829763072,156501475812.0,150.0,140.0,10.0,0.0,0.0,0.0,0.0,0.0,0.0,0.0,180.0,0.0,0.0,0.0,0.0,0.0,700.0,16930.0,27180.0,0.0,360.0,0.0,0.0,0.0,0.0
1158381973829763072,156501475812.0,150.0,140.0,10.0,0.0,0.0,0.0,0.0,0.0,0.0,0.0,180.0,0.0,0.0,0.0,0.0,0.0,700.0,16930.0,27180.0,0.0,360.0,0.0,0.0,0.0,0.0
1158382796290871296,156501495512.0,130.0,330.0,10.0,0.0,10.0,0.0,0.0,0.0,0.0,0.0,460.0,0.0,0.0,0.0,0.0,0.0,1430.0,34970.0,26620.0,0.0,250.0,0.0,0.0,0.0,0.0
1158382796290871296,156501495512.0,130.0,330.0,10.0,0.0,10.0,0.0,0.0,0.0,0.0,0.0,460.0,0.0,0.0,0.0,0.0,0.0,1430.0,34970.0,26620.0,0.0,250.0,0.0,0.0,0.0,0.0
1158382796290871296,156501495512.0,130.0,330.0,10.0,0.0,10.0,0.0,0.0,0.0,0.0,0.0,460.0,0.0,0.0,0.0,0.0,0.0,1430.0,34970.0,26620.0,0.0,250.0,0.0,0.0,0.0,0.0
1158390888499953664,156501688412.0,120.0,420.0,10.0,0.0,0.0,0.0,0.0,0.0,0.0,0.0,280.0,0.0,0.0,0.0,0.0,0.0,1410.0,700.0,5190.0,0.0,0.0,0.0,0.0,0.0,0.0
1158390888499953664,156501688412.0,120.0,420.0,10.0,0.0,0.0,0.0,0.0,0.0,0.0,0.0,280.0,0.0,0.0,0.0,0.0,0.0,1410.0,700.0,5190.0,0.0,0.0,0.0,0.0,0.0,0.0
1158390888499953664,156501688412.0,120.0,420.0,10.0,0.0,0.0,0.0,0.0,0.0,0.0,0.0,280.0,0.0,0.0,0.0,0.0,0.0,1410.0,700.0,5190.0,0.0,0.0,0.0,0.0,0.0,0.0
1158399630981390336,156501896812.0,50.0,620.0,0.0,0.0,10.0,0.0,0.0,0.0,0.0,0.0,220.0,0.0,0.0,0.0,0.0,0.0,890.0,470.0,920.0,0.0,50.0,0.0,0.0,0.0,0.0
1158399630981390336,156501896812.0,50.0,620.0,0.0,0.0,10.0,0.0,0.0,0.0,0.0,0.0,220.0,0.0,0.0,0.0,0.0,0.0,890.0,470.0,920.0,0.0,50.0,0.0,0.0,0.0,0.0
1158399630981390336,156501896812.0,50.0,620.0,0.0,0.0,10.0,0.0,0.0,0.0,0.0,0.0,220.0,0.0,0.0,0.0,0.0,0.0,890.0,470.0,920.0,0.0,50.0,0.0,0.0,0.0,0.0
1158407351759724544,156502080912.0,590.0,100.0,0.0,0.0,0.0,0.0,0.0,0.0,0.0,0.0,320.0,0.0,0.0,0.0,0.0,0.0,980.0,17710.0,9980.0,0.0,90.0,0.0,0.0,0.0,0.0
1158407351759724544,156502080912.0,590.0,100.0,0.0,0.0,0.0,0.0,0.0,0.0,0.0,0.0,320.0,0.0,0.0,0.0,0.0,0.0,980.0,17710.0,9980.0,0.0,90.0,0.0,0.0,0.0,0.0
1158407351759724544,156502080912.0,590.0,100.0,0.0,0.0,0.0,0.0,0.0,0.0,0.0,0.0,320.0,0.0,0.0,0.0,0.0,0.0,980.0,17710.0,9980.0,0.0,90.0,0.0,0.0,0.0,0.0
1158408425186836480,156502106512.0,20.0,690.0,10.0,0.0,0.0,0.0,0.0,0.0,0.0,0.0,170.0,0.0,0.0,0.0,0.0,0.0,950.0,65120.0,68490.0,0.0,80.0,0.0,0.0,0.0,0.0
1158408425186836480,156502106512.0,20.0,690.0,10.0,0.0,0.0,0.0,0.0,0.0,0.0,0.0,170.0,0.0,0.0,0.0,0.0,0.0,950.0,65120.0,68490.0,0.0,80.0,0.0,0.0,0.0,0.0
1158408425186836480,156502106512.0,20.0,690.0,10.0,0.0,0.0,0.0,0.0,0.0,0.0,0.0,170.0,0.0,0.0,0.0,0.0,0.0,950.0,65120.0,68490.0,0.0,80.0,0.0,0.0,0.0,0.0
1158409168245710848,156502124212.0,120.0,280.0,10.0,0.0,0.0,0.0,0.0,0.0,0.0,0.0,120.0,0.0,0.0,0.0,0.0,0.0,530.0,670.0,680.0,0.0,30.0,0.0,0.0,0.0,0.0
1158409168245710848,156502124212.0,120.0,280.0,10.0,0.0,0.0,0.0,0.0,0.0,0.0,0.0,120.0,0.0,0.0,0.0,0.0,0.0,530.0,670.0,680.0,0.0,30.0,0.0,0.0,0.0,0.0
1158409168245710848,156502124212.0,120.0,280.0,10.0,0.0,0.0,0.0,0.0,0.0,0.0,0.0,120.0,0.0,0.0,0.0,0.0,0.0,530.0,670.0,680.0,0.0,30.0,0.0,0.0,0.0,0.0
1158415290151112704,156502270212.0,170.0,360.0,0.0,0.0,0.0,0.0,0.0,0.0,0.0,0.0,80.0,0.0,0.0,0.0,0.0,0.0,370.0,10750.0,50950.0,0.0,20.0,0.0,0.0,0.0,0.0
1158415290151112704,156502270212.0,170.0,360.0,0.0,0.0,0.0,0.0,0.0,0.0,0.0,0.0,80.0,0.0,0.0,0.0,0.0,0.0,370.0,10750.0,50950.0,0.0,20.0,0.0,0.0,0.0,0.0
1158415290151112704,156502270212.0,170.0,360.0,0.0,0.0,0.0,0.0,0.0,0.0,0.0,0.0,80.0,0.0,0.0,0.0,0.0,0.0,370.0,10750.0,50950.0,0.0,20.0,0.0,0.0,0.0,0.0
1158429576974000128,156502610812.0,80.0,470.0,0.0,10.0,10.0,0.0,0.0,0.0,0.0,0.0,200.0,0.0,0.0,0.0,0.0,0.0,940.0,950.0,1200.0,0.0,0.0,0.0,0.0,0.0,0.0
1158429576974000128,156502610812.0,80.0,470.0,0.0,10.0,10.0,0.0,0.0,0.0,0.0,0.0,200.0,0.0,0.0,0.0,0.0,0.0,940.0,950.0,1200.0,0.0,0.0,0.0,0.0,0.0,0.0
1158429576974000128,156502610812.0,80.0,470.0,0.0,10.0,10.0,0.0,0.0,0.0,0.0,0.0,200.0,0.0,0.0,0.0,0.0,0.0,940.0,950.0,1200.0,0.0,0.0,0.0,0.0,0.0,0.0
1158431208021405696,156502649712.0,280.0,300.0,10.0,0.0,0.0,0.0,0.0,0.0,0.0,0.0,320.0,0.0,0.0,0.0,0.0,0.0,1210.0,1810.0,2200.0,0.0,40.0,0.0,0.0,0.0,0.0
1158431208021405696,156502649712.0,280.0,300.0,10.0,0.0,0.0,0.0,0.0,0.0,0.0,0.0,320.0,0.0,0.0,0.0,0.0,0.0,1210.0,1810.0,2200.0,0.0,40.0,0.0,0.0,0.0,0.0
1158431208021405696,156502649712.0,280.0,300.0,10.0,0.0,0.0,0.0,0.0,0.0,0.0,0.0,320.0,0.0,0.0,0.0,0.0,0.0,1210.0,1810.0,2200.0,0.0,40.0,0.0,0.0,0.0,0.0
1158432759305711616,156502686712.0,10.0,680.0,0.0,0.0,0.0,0.0,0.0,0.0,0.0,0.0,680.0,0.0,0.0,0.0,0.0,0.0,2760.0,180.0,1100.0,0.0,0.0,0.0,0.0,0.0,0.0
1158432759305711616,156502686712.0,10.0,680.0,0.0,0.0,0.0,0.0,0.0,0.0,0.0,0.0,680.0,0.0,0.0,0.0,0.0,0.0,2760.0,180.0,1100.0,0.0,0.0,0.0,0.0,0.0,0.0
1158432759305711616,156502686712.0,10.0,680.0,0.0,0.0,0.0,0.0,0.0,0.0,0.0,0.0,680.0,0.0,0.0,0.0,0.0,0.0,2760.0,180.0,1100.0,0.0,0.0,0.0,0.0,0.0,0.0
1158435150285418496,156502743712.0,30.0,650.0,20.0,0.0,10.0,0.0,0.0,0.0,0.0,0.0,230.0,0.0,0.0,0.0,0.0,0.0,1320.0,1682390.0,13560.0,0.0,28050.0,0.0,0.0,0.0,0.0
1158435150285418496,156502743712.0,30.0,650.0,20.0,0.0,10.0,0.0,0.0,0.0,0.0,0.0,230.0,0.0,0.0,0.0,0.0,0.0,1320.0,1682390.0,13560.0,0.0,28050.0,0.0,0.0,0.0,0.0
1158435150285418496,156502743712.0,30.0,650.0,20.0,0.0,10.0,0.0,0.0,0.0,0.0,0.0,230.0,0.0,0.0,0.0,0.0,0.0,1320.0,1682390.0,13560.0,0.0,28050.0,0.0,0.0,0.0,0.0
1158441022239756288,156502883712.0,150.0,140.0,10.0,0.0,10.0,0.0,0.0,0.0,0.0,0.0,730.0,0.0,0.0,0.0,0.0,0.0,1960.0,34970.0,26620.0,0.0,250.0,0.0,0.0,0.0,0.0
1158441022239756288,156502883712.0,150.0,140.0,10.0,0.0,10.0,0.0,0.0,0.0,0.0,0.0,730.0,0.0,0.0,0.0,0.0,0.0,1960.0,34970.0,26620.0,0.0,250.0,0.0,0.0,0.0,0.0
1158441022239756288,156502883712.0,150.0,140.0,10.0,0.0,10.0,0.0,0.0,0.0,0.0,0.0,730.0,0.0,0.0,0.0,0.0,0.0,1960.0,34970.0,26620.0,0.0,250.0,0.0,0.0,0.0,0.0
1158441468656308224,156502894312.0,150.0,140.0,10.0,0.0,10.0,0.0,0.0,0.0,0.0,0.0,180.0,0.0,0.0,0.0,0.0,0.0,800.0,2800.0,6070.0,0.0,0.0,0.0,0.0,0.0,0.0
1158441468656308224,156502894312.0,150.0,140.0,10.0,0.0,10.0,0.0,0.0,0.0,0.0,0.0,180.0,0.0,0.0,0.0,0.0,0.0,800.0,2800.0,6070.0,0.0,0.0,0.0,0.0,0.0,0.0
1158441468656308224,156502894312.0,150.0,140.0,10.0,0.0,10.0,0.0,0.0,0.0,0.0,0.0,180.0,0.0,0.0,0.0,0.0,0.0,800.0,2800.0,6070.0,0.0,0.0,0.0,0.0,0.0,0.0
1158449574140420096,156503087612.0,30.0,400.0,10.0,0.0,0.0,0.0,0.0,0.0,0.0,0.0,160.0,10.0,0.0,0.0,0.0,0.0,880.0,43340.0,48220.0,0.0,670.0,0.0,0.0,0.0,0.0
1158449574140420096,156503087612.0,30.0,400.0,10.0,0.0,0.0,0.0,0.0,0.0,0.0,0.0,160.0,10.0,0.0,0.0,0.0,0.0,880.0,43340.0,48220.0,0.0,670.0,0.0,0.0,0.0,0.0
1158449574140420096,156503087612.0,30.0,400.0,10.0,0.0,0.0,0.0,0.0,0.0,0.0,0.0,160.0,10.0,0.0,0.0,0.0,0.0,880.0,43340.0,48220.0,0.0,670.0,0.0,0.0,0.0,0.0
1158451301832974336,156503128712.0,150.0,140.0,0.0,0.0,10.0,0.0,0.0,0.0,0.0,0.0,180.0,0.0,0.0,0.0,0.0,0.0,780.0,33960.0,22990.0,0.0,510.0,0.0,0.0,0.0,0.0
1158451301832974336,156503128712.0,150.0,140.0,0.0,0.0,10.0,0.0,0.0,0.0,0.0,0.0,180.0,0.0,0.0,0.0,0.0,0.0,780.0,33960.0,22990.0,0.0,510.0,0.0,0.0,0.0,0.0
1158451301832974336,156503128712.0,150.0,140.0,0.0,0.0,10.0,0.0,0.0,0.0,0.0,0.0,180.0,0.0,0.0,0.0,0.0,0.0,780.0,33960.0,22990.0,0.0,510.0,0.0,0.0,0.0,0.0
1158465126942564352,156503458412.0,150.0,140.0,0.0,0.0,10.0,0.0,0.0,0.0,0.0,0.0,240.0,10.0,0.0,0.0,0.0,0.0,1010.0,32400.0,28400.0,0.0,150.0,0.0,0.0,0.0,0.0
1158465126942564352,156503458412.0,150.0,140.0,0.0,0.0,10.0,0.0,0.0,0.0,0.0,0.0,240.0,10.0,0.0,0.0,0.0,0.0,1010.0,32400.0,28400.0,0.0,150.0,0.0,0.0,0.0,0.0
1158465126942564352,156503458412.0,150.0,140.0,0.0,0.0,10.0,0.0,0.0,0.0,0.0,0.0,240.0,10.0,0.0,0.0,0.0,0.0,1010.0,32400.0,28400.0,0.0,150.0,0.0,0.0,0.0,0.0
1158470727047118848,156503591912.0,70.0,570.0,10.0,0.0,10.0,0.0,0.0,0.0,0.0,0.0,250.0,0.0,0.0,0.0,0.0,0.0,1320.0,66560.0,67720.0,0.0,970.0,0.0,0.0,0.0,0.0
1158470727047118848,156503591912.0,70.0,570.0,10.0,0.0,10.0,0.0,0.0,0.0,0.0,0.0,250.0,0.0,0.0,0.0,0.0,0.0,1320.0,66560.0,67720.0,0.0,970.0,0.0,0.0,0.0,0.0
1158470727047118848,156503591912.0,70.0,570.0,10.0,0.0,10.0,0.0,0.0,0.0,0.0,0.0,250.0,0.0,0.0,0.0,0.0,0.0,1320.0,66560.0,67720.0,0.0,970.0,0.0,0.0,0.0,0.0
1158471707843321856,156503615312.0,90.0,520.0,0.0,0.0,10.0,0.0,0.0,0.0,0.0,0.0,210.0,0.0,0.0,0.0,0.0,0.0,990.0,6810.0,18870.0,0.0,1450.0,0.0,0.0,0.0,0.0
1158471707843321856,156503615312.0,90.0,520.0,0.0,0.0,10.0,0.0,0.0,0.0,0.0,0.0,210.0,0.0,0.0,0.0,0.0,0.0,990.0,6810.0,18870.0,0.0,1450.0,0.0,0.0,0.0,0.0
1158471707843321856,156503615312.0,90.0,520.0,0.0,0.0,10.0,0.0,0.0,0.0,0.0,0.0,210.0,0.0,0.0,0.0,0.0,0.0,990.0,6810.0,18870.0,0.0,1450.0,0.0,0.0,0.0,0.0
1158477440194371584,156503751912.0,150.0,140.0,0.0,0.0,10.0,0.0,0.0,0.0,0.0,0.0,190.0,30.0,0.0,0.0,0.0,0.0,860.0,4110.0,5100.0,0.0,300.0,0.0,0.0,0.0,0.0
1158477440194371584,156503751912.0,150.0,140.0,0.0,0.0,10.0,0.0,0.0,0.0,0.0,0.0,190.0,30.0,0.0,0.0,0.0,0.0,860.0,4110.0,5100.0,0.0,300.0,0.0,0.0,0.0,0.0
1158477440194371584,156503751912.0,150.0,140.0,0.0,0.0,10.0,0.0,0.0,0.0,0.0,0.0,190.0,30.0,0.0,0.0,0.0,0.0,860.0,4110.0,5100.0,0.0,300.0,0.0,0.0,0.0,0.0
1158479117584666624,156503791912.0,70.0,600.0,10.0,0.0,10.0,0.0,0.0,0.0,0.0,0.0,230.0,0.0,0.0,0.0,0.0,0.0,1030.0,23350.0,49050.0,0.0,30.0,0.0,0.0,0.0,0.0
1158479117584666624,156503791912.0,70.0,600.0,10.0,0.0,10.0,0.0,0.0,0.0,0.0,0.0,230.0,0.0,0.0,0.0,0.0,0.0,1030.0,23350.0,49050.0,0.0,30.0,0.0,0.0,0.0,0.0
1158479117584666624,156503791912.0,70.0,600.0,10.0,0.0,10.0,0.0,0.0,0.0,0.0,0.0,230.0,0.0,0.0,0.0,0.0,0.0,1030.0,23350.0,49050.0,0.0,30.0,0.0,0.0,0.0,0.0
1158487377830191104,156503988912.0,150.0,140.0,0.0,10.0,0.0,0.0,0.0,0.0,0.0,0.0,110.0,0.0,0.0,0.0,0.0,0.0,480.0,70.0,70.0,0.0,0.0,0.0,0.0,0.0,0.0
1158487377830191104,156503988912.0,150.0,140.0,0.0,10.0,0.0,0.0,0.0,0.0,0.0,0.0,110.0,0.0,0.0,0.0,0.0,0.0,480.0,70.0,70.0,0.0,0.0,0.0,0.0,0.0,0.0
1158487377830191104,156503988912.0,150.0,140.0,0.0,10.0,0.0,0.0,0.0,0.0,0.0,0.0,110.0,0.0,0.0,0.0,0.0,0.0,480.0,70.0,70.0,0.0,0.0,0.0,0.0,0.0,0.0
1158489988499066880,156504051112.0,80.0,470.0,20.0,0.0,0.0,0.0,0.0,0.0,0.0,0.0,130.0,0.0,0.0,0.0,0.0,0.0,850.0,440.0,940.0,0.0,0.0,0.0,0.0,0.0,0.0
1158489988499066880,156504051112.0,80.0,470.0,20.0,0.0,0.0,0.0,0.0,0.0,0.0,0.0,130.0,0.0,0.0,0.0,0.0,0.0,850.0,440.0,940.0,0.0,0.0,0.0,0.0,0.0,0.0
1158489988499066880,156504051112.0,80.0,470.0,20.0,0.0,0.0,0.0,0.0,0.0,0.0,0.0,130.0,0.0,0.0,0.0,0.0,0.0,850.0,440.0,940.0,0.0,0.0,0.0,0.0,0.0,0.0
1158496555671990272,156504207712.0,150.0,140.0,10.0,10.0,0.0,0.0,0.0,0.0,0.0,0.0,190.0,10.0,0.0,0.0,0.0,0.0,1000.0,1070.0,650.0,0.0,40.0,0.0,0.0,0.0,0.0
1158496555671990272,156504207712.0,150.0,140.0,10.0,10.0,0.0,0.0,0.0,0.0,0.0,0.0,190.0,10.0,0.0,0.0,0.0,0.0,1000.0,1070.0,650.0,0.0,40.0,0.0,0.0,0.0,0.0
1158496555671990272,156504207712.0,150.0,140.0,10.0,10.0,0.0,0.0,0.0,0.0,0.0,0.0,190.0,10.0,0.0,0.0,0.0,0.0,1000.0,1070.0,650.0,0.0,40.0,0.0,0.0,0.0,0.0
1158501199966035968,156504318412.0,150.0,140.0,10.0,0.0,10.0,0.0,0.0,0.0,0.0,0.0,200.0,0.0,0.0,0.0,0.0,0.0,900.0,2740.0,4070.0,0.0,10.0,0.0,0.0,0.0,0.0
1158501199966035968,156504318412.0,150.0,140.0,10.0,0.0,10.0,0.0,0.0,0.0,0.0,0.0,200.0,0.0,0.0,0.0,0.0,0.0,900.0,2740.0,4070.0,0.0,10.0,0.0,0.0,0.0,0.0
1158501199966035968,156504318412.0,150.0,140.0,10.0,0.0,10.0,0.0,0.0,0.0,0.0,0.0,200.0,0.0,0.0,0.0,0.0,0.0,900.0,2740.0,4070.0,0.0,10.0,0.0,0.0,0.0,0.0
1158502488208760832,156504349112.0,670.0,30.0,20.0,0.0,0.0,0.0,0.0,0.0,0.0,0.0,120.0,0.0,0.0,0.0,0.0,0.0,670.0,360.0,510.0,0.0,0.0,0.0,0.0,0.0,0.0
1158502488208760832,156504349112.0,670.0,30.0,20.0,0.0,0.0,0.0,0.0,0.0,0.0,0.0,120.0,0.0,0.0,0.0,0.0,0.0,670.0,360.0,510.0,0.0,0.0,0.0,0.0,0.0,0.0
1158502488208760832,156504349112.0,670.0,30.0,20.0,0.0,0.0,0.0,0.0,0.0,0.0,0.0,120.0,0.0,0.0,0.0,0.0,0.0,670.0,360.0,510.0,0.0,0.0,0.0,0.0,0.0,0.0
1158502942611247104,1565043612.0,70.0,570.0,10.0,0.0,10.0,0.0,0.0,0.0,0.0,0.0,250.0,0.0,0.0,0.0,0.0,0.0,1320.0,40700.0,49680.0,0.0,30.0,0.0,0.0,0.0,0.0
1158502942611247104,1565043612.0,70.0,570.0,10.0,0.0,10.0,0.0,0.0,0.0,0.0,0.0,250.0,0.0,0.0,0.0,0.0,0.0,1320.0,40700.0,49680.0,0.0,30.0,0.0,0.0,0.0,0.0
1158502942611247104,1565043612.0,70.0,570.0,10.0,0.0,10.0,0.0,0.0,0.0,0.0,0.0,250.0,0.0,0.0,0.0,0.0,0.0,1320.0,40700.0,49680.0,0.0,30.0,0.0,0.0,0.0,0.0
1158505096206061568,156504411312.0,20.0,270.0,0.0,0.0,10.0,0.0,0.0,0.0,0.0,0.0,230.0,0.0,0.0,0.0,0.0,0.0,1070.0,5830.0,22640.0,0.0,80.0,0.0,0.0,0.0,0.0
1158505096206061568,156504411312.0,20.0,270.0,0.0,0.0,10.0,0.0,0.0,0.0,0.0,0.0,230.0,0.0,0.0,0.0,0.0,0.0,1070.0,5830.0,22640.0,0.0,80.0,0.0,0.0,0.0,0.0
1158505096206061568,156504411312.0,20.0,270.0,0.0,0.0,10.0,0.0,0.0,0.0,0.0,0.0,230.0,0.0,0.0,0.0,0.0,0.0,1070.0,5830.0,22640.0,0.0,80.0,0.0,0.0,0.0,0.0
1158506469085474816,15650444412.0,100.0,570.0,0.0,0.0,10.0,0.0,0.0,0.0,0.0,0.0,190.0,0.0,0.0,0.0,0.0,0.0,720.0,3840.0,5990.0,0.0,800.0,0.0,0.0,0.0,0.0
1158506469085474816,15650444412.0,100.0,570.0,0.0,0.0,10.0,0.0,0.0,0.0,0.0,0.0,190.0,0.0,0.0,0.0,0.0,0.0,720.0,3840.0,5990.0,0.0,800.0,0.0,0.0,0.0,0.0
1158506469085474816,15650444412.0,100.0,570.0,0.0,0.0,10.0,0.0,0.0,0.0,0.0,0.0,190.0,0.0,0.0,0.0,0.0,0.0,720.0,3840.0,5990.0,0.0,800.0,0.0,0.0,0.0,0.0
1158507971774701568,156504479912.0,150.0,190.0,0.0,0.0,10.0,0.0,0.0,0.0,0.0,0.0,130.0,0.0,0.0,0.0,0.0,0.0,540.0,6350.0,5900.0,0.0,110.0,0.0,0.0,0.0,0.0
1158507971774701568,156504479912.0,150.0,190.0,0.0,0.0,10.0,0.0,0.0,0.0,0.0,0.0,130.0,0.0,0.0,0.0,0.0,0.0,540.0,6350.0,5900.0,0.0,110.0,0.0,0.0,0.0,0.0
1158507971774701568,156504479912.0,150.0,190.0,0.0,0.0,10.0,0.0,0.0,0.0,0.0,0.0,130.0,0.0,0.0,0.0,0.0,0.0,540.0,6350.0,5900.0,0.0,110.0,0.0,0.0,0.0,0.0
1158513647112597504,156504615212.0,560.0,50.0,30.0,0.0,0.0,0.0,0.0,0.0,0.0,0.0,150.0,0.0,0.0,0.0,0.0,0.0,830.0,35820.0,49870.0,0.0,120.0,0.0,0.0,0.0,0.0
1158513647112597504,156504615212.0,560.0,50.0,30.0,0.0,0.0,0.0,0.0,0.0,0.0,0.0,150.0,0.0,0.0,0.0,0.0,0.0,830.0,35820.0,49870.0,0.0,120.0,0.0,0.0,0.0,0.0
1158513647112597504,156504615212.0,560.0,50.0,30.0,0.0,0.0,0.0,0.0,0.0,0.0,0.0,150.0,0.0,0.0,0.0,0.0,0.0,830.0,35820.0,49870.0,0.0,120.0,0.0,0.0,0.0,0.0
1158515929338261504,156504669612.0,50.0,450.0,0.0,0.0,10.0,0.0,0.0,0.0,0.0,0.0,620.0,0.0,0.0,0.0,0.0,0.0,1780.0,39700.0,44510.0,0.0,380.0,0.0,0.0,0.0,0.0
1158515929338261504,156504669612.0,50.0,450.0,0.0,0.0,10.0,0.0,0.0,0.0,0.0,0.0,620.0,0.0,0.0,0.0,0.0,0.0,1780.0,39700.0,44510.0,0.0,380.0,0.0,0.0,0.0,0.0
1158515929338261504,156504669612.0,50.0,450.0,0.0,0.0,10.0,0.0,0.0,0.0,0.0,0.0,620.0,0.0,0.0,0.0,0.0,0.0,1780.0,39700.0,44510.0,0.0,380.0,0.0,0.0,0.0,0.0
1158519573274071040,156504756512.0,360.0,140.0,10.0,0.0,10.0,0.0,0.0,0.0,0.0,0.0,190.0,0.0,0.0,0.0,0.0,0.0,1040.0,62510.0,65540.0,0.0,70.0,0.0,0.0,0.0,0.0
1158519573274071040,156504756512.0,360.0,140.0,10.0,0.0,10.0,0.0,0.0,0.0,0.0,0.0,190.0,0.0,0.0,0.0,0.0,0.0,1040.0,62510.0,65540.0,0.0,70.0,0.0,0.0,0.0,0.0
1158519573274071040,156504756512.0,360.0,140.0,10.0,0.0,10.0,0.0,0.0,0.0,0.0,0.0,190.0,0.0,0.0,0.0,0.0,0.0,1040.0,62510.0,65540.0,0.0,70.0,0.0,0.0,0.0,0.0
1158522720184885248,156504831512.0,400.0,30.0,10.0,0.0,0.0,0.0,0.0,0.0,0.0,0.0,430.0,0.0,0.0,0.0,0.0,0.0,1120.0,2830.0,8790.0,0.0,0.0,0.0,0.0,0.0,0.0
1158522720184885248,156504831512.0,400.0,30.0,10.0,0.0,0.0,0.0,0.0,0.0,0.0,0.0,430.0,0.0,0.0,0.0,0.0,0.0,1120.0,2830.0,8790.0,0.0,0.0,0.0,0.0,0.0,0.0
1158522720184885248,156504831512.0,400.0,30.0,10.0,0.0,0.0,0.0,0.0,0.0,0.0,0.0,430.0,0.0,0.0,0.0,0.0,0.0,1120.0,2830.0,8790.0,0.0,0.0,0.0,0.0,0.0,0.0
1158531308374638592,156505036312.0,70.0,600.0,10.0,0.0,10.0,0.0,0.0,0.0,0.0,0.0,220.0,0.0,0.0,0.0,0.0,0.0,1030.0,900.0,770.0,0.0,10.0,0.0,0.0,0.0,0.0
1158531308374638592,156505036312.0,70.0,600.0,10.0,0.0,10.0,0.0,0.0,0.0,0.0,0.0,220.0,0.0,0.0,0.0,0.0,0.0,1030.0,900.0,770.0,0.0,10.0,0.0,0.0,0.0,0.0
1158531308374638592,156505036312.0,70.0,600.0,10.0,0.0,10.0,0.0,0.0,0.0,0.0,0.0,220.0,0.0,0.0,0.0,0.0,0.0,1030.0,900.0,770.0,0.0,10.0,0.0,0.0,0.0,0.0
1158532190138798080,156505057312.0,70.0,600.0,10.0,0.0,10.0,0.0,0.0,0.0,0.0,0.0,220.0,0.0,0.0,0.0,0.0,0.0,1030.0,280.0,110.0,0.0,0.0,0.0,0.0,0.0,0.0
1158532190138798080,156505057312.0,70.0,600.0,10.0,0.0,10.0,0.0,0.0,0.0,0.0,0.0,220.0,0.0,0.0,0.0,0.0,0.0,1030.0,280.0,110.0,0.0,0.0,0.0,0.0,0.0,0.0
1158532190138798080,156505057312.0,70.0,600.0,10.0,0.0,10.0,0.0,0.0,0.0,0.0,0.0,220.0,0.0,0.0,0.0,0.0,0.0,1030.0,280.0,110.0,0.0,0.0,0.0,0.0,0.0,0.0
1158533875808657408,156505097512.0,50.0,450.0,0.0,0.0,10.0,0.0,0.0,0.0,0.0,0.0,640.0,0.0,0.0,0.0,0.0,0.0,1780.0,123200.0,116590.0,0.0,50.0,0.0,0.0,0.0,0.0
1158533875808657408,156505097512.0,50.0,450.0,0.0,0.0,10.0,0.0,0.0,0.0,0.0,0.0,640.0,0.0,0.0,0.0,0.0,0.0,1780.0,123200.0,116590.0,0.0,50.0,0.0,0.0,0.0,0.0
1158533875808657408,156505097512.0,50.0,450.0,0.0,0.0,10.0,0.0,0.0,0.0,0.0,0.0,640.0,0.0,0.0,0.0,0.0,0.0,1780.0,123200.0,116590.0,0.0,50.0,0.0,0.0,0.0,0.0
1158542720320901120,156505308312.0,150.0,140.0,0.0,0.0,0.0,0.0,0.0,0.0,0.0,0.0,180.0,0.0,0.0,0.0,0.0,0.0,540.0,6250.0,18950.0,0.0,0.0,0.0,0.0,0.0,0.0
1158542720320901120,156505308312.0,150.0,140.0,0.0,0.0,0.0,0.0,0.0,0.0,0.0,0.0,180.0,0.0,0.0,0.0,0.0,0.0,540.0,6250.0,18950.0,0.0,0.0,0.0,0.0,0.0,0.0
1158542720320901120,156505308312.0,150.0,140.0,0.0,0.0,0.0,0.0,0.0,0.0,0.0,0.0,180.0,0.0,0.0,0.0,0.0,0.0,540.0,6250.0,18950.0,0.0,0.0,0.0,0.0,0.0,0.0
1158542954534985728,156505313912.0,70.0,540.0,0.0,10.0,0.0,0.0,0.0,0.0,0.0,0.0,160.0,0.0,0.0,0.0,0.0,0.0,820.0,6790.0,5900.0,0.0,50.0,0.0,0.0,0.0,0.0
1158542954534985728,156505313912.0,70.0,540.0,0.0,10.0,0.0,0.0,0.0,0.0,0.0,0.0,160.0,0.0,0.0,0.0,0.0,0.0,820.0,6790.0,5900.0,0.0,50.0,0.0,0.0,0.0,0.0
1158542954534985728,156505313912.0,70.0,540.0,0.0,10.0,0.0,0.0,0.0,0.0,0.0,0.0,160.0,0.0,0.0,0.0,0.0,0.0,820.0,6790.0,5900.0,0.0,50.0,0.0,0.0,0.0,0.0
1158553011838423040,156505553712.0,80.0,510.0,10.0,10.0,10.0,0.0,0.0,0.0,0.0,0.0,270.0,0.0,0.0,0.0,0.0,0.0,1050.0,295570.0,209490.0,0.0,35690.0,0.0,0.0,0.0,0.0
1158553011838423040,156505553712.0,80.0,510.0,10.0,10.0,10.0,0.0,0.0,0.0,0.0,0.0,270.0,0.0,0.0,0.0,0.0,0.0,1050.0,295570.0,209490.0,0.0,35690.0,0.0,0.0,0.0,0.0
1158553011838423040,156505553712.0,80.0,510.0,10.0,10.0,10.0,0.0,0.0,0.0,0.0,0.0,270.0,0.0,0.0,0.0,0.0,0.0,1050.0,295570.0,209490.0,0.0,35690.0,0.0,0.0,0.0,0.0
1158553403859099648,156505563112.0,100.0,520.0,0.0,0.0,10.0,0.0,0.0,0.0,0.0,0.0,140.0,0.0,0.0,0.0,0.0,0.0,830.0,2190.0,110.0,0.0,190.0,0.0,0.0,0.0,0.0
1158553403859099648,156505563112.0,100.0,520.0,0.0,0.0,10.0,0.0,0.0,0.0,0.0,0.0,140.0,0.0,0.0,0.0,0.0,0.0,830.0,2190.0,110.0,0.0,190.0,0.0,0.0,0.0,0.0
1158553403859099648,156505563112.0,100.0,520.0,0.0,0.0,10.0,0.0,0.0,0.0,0.0,0.0,140.0,0.0,0.0,0.0,0.0,0.0,830.0,2190.0,110.0,0.0,190.0,0.0,0.0,0.0,0.0
1158555132772192256,156505604312.0,10.0,610.0,10.0,0.0,0.0,0.0,0.0,0.0,0.0,0.0,120.0,10.0,0.0,0.0,0.0,0.0,620.0,112860.0,111300.0,0.0,40.0,0.0,0.0,0.0,0.0
1158555132772192256,156505604312.0,10.0,610.0,10.0,0.0,0.0,0.0,0.0,0.0,0.0,0.0,120.0,10.0,0.0,0.0,0.0,0.0,620.0,112860.0,111300.0,0.0,40.0,0.0,0.0,0.0,0.0
1158555132772192256,156505604312.0,10.0,610.0,10.0,0.0,0.0,0.0,0.0,0.0,0.0,0.0,120.0,10.0,0.0,0.0,0.0,0.0,620.0,112860.0,111300.0,0.0,40.0,0.0,0.0,0.0,0.0
1158555525614833664,156505613612.0,150.0,140.0,0.0,0.0,10.0,0.0,0.0,0.0,0.0,0.0,240.0,0.0,0.0,0.0,0.0,0.0,1390.0,72280.0,69060.0,0.0,1050.0,0.0,0.0,0.0,0.0
1158555525614833664,156505613612.0,150.0,140.0,0.0,0.0,10.0,0.0,0.0,0.0,0.0,0.0,240.0,0.0,0.0,0.0,0.0,0.0,1390.0,72280.0,69060.0,0.0,1050.0,0.0,0.0,0.0,0.0
1158555525614833664,156505613612.0,150.0,140.0,0.0,0.0,10.0,0.0,0.0,0.0,0.0,0.0,240.0,0.0,0.0,0.0,0.0,0.0,1390.0,72280.0,69060.0,0.0,1050.0,0.0,0.0,0.0,0.0
1158561849559769088,156505764412.0,360.0,140.0,10.0,0.0,10.0,0.0,0.0,0.0,0.0,0.0,190.0,0.0,0.0,0.0,0.0,0.0,1040.0,14490.0,12120.0,0.0,30.0,0.0,0.0,0.0,0.0
1158561849559769088,156505764412.0,360.0,140.0,10.0,0.0,10.0,0.0,0.0,0.0,0.0,0.0,190.0,0.0,0.0,0.0,0.0,0.0,1040.0,14490.0,12120.0,0.0,30.0,0.0,0.0,0.0,0.0
1158561849559769088,156505764412.0,360.0,140.0,10.0,0.0,10.0,0.0,0.0,0.0,0.0,0.0,190.0,0.0,0.0,0.0,0.0,0.0,1040.0,14490.0,12120.0,0.0,30.0,0.0,0.0,0.0,0.0
1158563017115799552,156505792212.0,40.0,610.0,0.0,0.0,10.0,0.0,0.0,0.0,0.0,0.0,200.0,0.0,0.0,0.0,0.0,0.0,950.0,540.0,1970.0,0.0,10.0,0.0,0.0,0.0,0.0
1158563017115799552,156505792212.0,40.0,610.0,0.0,0.0,10.0,0.0,0.0,0.0,0.0,0.0,200.0,0.0,0.0,0.0,0.0,0.0,950.0,540.0,1970.0,0.0,10.0,0.0,0.0,0.0,0.0
1158563017115799552,156505792212.0,40.0,610.0,0.0,0.0,10.0,0.0,0.0,0.0,0.0,0.0,200.0,0.0,0.0,0.0,0.0,0.0,950.0,540.0,1970.0,0.0,10.0,0.0,0.0,0.0,0.0
1158563408377253888,156505801612.0,60.0,410.0,10.0,0.0,0.0,0.0,0.0,0.0,0.0,0.0,100.0,0.0,0.0,0.0,0.0,0.0,590.0,30.0,490.0,0.0,0.0,0.0,0.0,0.0,0.0
1158563408377253888,156505801612.0,60.0,410.0,10.0,0.0,0.0,0.0,0.0,0.0,0.0,0.0,100.0,0.0,0.0,0.0,0.0,0.0,590.0,30.0,490.0,0.0,0.0,0.0,0.0,0.0,0.0
1158563408377253888,156505801612.0,60.0,410.0,10.0,0.0,0.0,0.0,0.0,0.0,0.0,0.0,100.0,0.0,0.0,0.0,0.0,0.0,590.0,30.0,490.0,0.0,0.0,0.0,0.0,0.0,0.0
1158568625269293056,15650592612.0,110.0,510.0,0.0,0.0,10.0,0.0,0.0,0.0,0.0,0.0,120.0,0.0,0.0,0.0,0.0,0.0,640.0,407270.0,23060.0,0.0,8440.0,0.0,0.0,0.0,0.0
1158568625269293056,15650592612.0,110.0,510.0,0.0,0.0,10.0,0.0,0.0,0.0,0.0,0.0,120.0,0.0,0.0,0.0,0.0,0.0,640.0,407270.0,23060.0,0.0,8440.0,0.0,0.0,0.0,0.0
1158568625269293056,15650592612.0,110.0,510.0,0.0,0.0,10.0,0.0,0.0,0.0,0.0,0.0,120.0,0.0,0.0,0.0,0.0,0.0,640.0,407270.0,23060.0,0.0,8440.0,0.0,0.0,0.0,0.0
1158571082649088000,156505984512.0,160.0,310.0,0.0,10.0,10.0,0.0,0.0,0.0,0.0,0.0,260.0,0.0,0.0,0.0,0.0,0.0,910.0,2590540.0,7330.0,0.0,18230.0,0.0,0.0,0.0,0.0
1158571082649088000,156505984512.0,160.0,310.0,0.0,10.0,10.0,0.0,0.0,0.0,0.0,0.0,260.0,0.0,0.0,0.0,0.0,0.0,910.0,2590540.0,7330.0,0.0,18230.0,0.0,0.0,0.0,0.0
1158571082649088000,156505984512.0,160.0,310.0,0.0,10.0,10.0,0.0,0.0,0.0,0.0,0.0,260.0,0.0,0.0,0.0,0.0,0.0,910.0,2590540.0,7330.0,0.0,18230.0,0.0,0.0,0.0,0.0
1158572119267119104,156506009312.0,200.0,80.0,10.0,0.0,0.0,0.0,0.0,0.0,0.0,0.0,250.0,0.0,0.0,0.0,0.0,0.0,1320.0,1320.0,8600.0,0.0,80.0,0.0,0.0,0.0,0.0
1158572119267119104,156506009312.0,200.0,80.0,10.0,0.0,0.0,0.0,0.0,0.0,0.0,0.0,250.0,0.0,0.0,0.0,0.0,0.0,1320.0,1320.0,8600.0,0.0,80.0,0.0,0.0,0.0,0.0
1158572119267119104,156506009312.0,200.0,80.0,10.0,0.0,0.0,0.0,0.0,0.0,0.0,0.0,250.0,0.0,0.0,0.0,0.0,0.0,1320.0,1320.0,8600.0,0.0,80.0,0.0,0.0,0.0,0.0
1158572224757956608,156506011812.0,290.0,300.0,20.0,0.0,0.0,0.0,0.0,0.0,0.0,0.0,200.0,0.0,0.0,0.0,0.0,0.0,820.0,30920.0,36400.0,0.0,0.0,0.0,0.0,0.0,0.0
1158572224757956608,156506011812.0,290.0,300.0,20.0,0.0,0.0,0.0,0.0,0.0,0.0,0.0,200.0,0.0,0.0,0.0,0.0,0.0,820.0,30920.0,36400.0,0.0,0.0,0.0,0.0,0.0,0.0
1158572224757956608,156506011812.0,290.0,300.0,20.0,0.0,0.0,0.0,0.0,0.0,0.0,0.0,200.0,0.0,0.0,0.0,0.0,0.0,820.0,30920.0,36400.0,0.0,0.0,0.0,0.0,0.0,0.0
1158578606723014656,156506163912.0,130.0,260.0,0.0,0.0,10.0,0.0,0.0,0.0,0.0,0.0,170.0,0.0,0.0,0.0,0.0,0.0,570.0,32270.0,7900.0,0.0,0.0,0.0,0.0,0.0,0.0
1158578606723014656,156506163912.0,130.0,260.0,0.0,0.0,10.0,0.0,0.0,0.0,0.0,0.0,170.0,0.0,0.0,0.0,0.0,0.0,570.0,32270.0,7900.0,0.0,0.0,0.0,0.0,0.0,0.0
1158578606723014656,156506163912.0,130.0,260.0,0.0,0.0,10.0,0.0,0.0,0.0,0.0,0.0,170.0,0.0,0.0,0.0,0.0,0.0,570.0,32270.0,7900.0,0.0,0.0,0.0,0.0,0.0,0.0
1158581300015427584,156506228112.0,510.0,100.0,10.0,0.0,0.0,0.0,0.0,0.0,0.0,0.0,130.0,0.0,0.0,0.0,0.0,0.0,810.0,5180.0,5320.0,0.0,90.0,0.0,0.0,0.0,0.0
1158581300015427584,156506228112.0,510.0,100.0,10.0,0.0,0.0,0.0,0.0,0.0,0.0,0.0,130.0,0.0,0.0,0.0,0.0,0.0,810.0,5180.0,5320.0,0.0,90.0,0.0,0.0,0.0,0.0
1158581300015427584,156506228112.0,510.0,100.0,10.0,0.0,0.0,0.0,0.0,0.0,0.0,0.0,130.0,0.0,0.0,0.0,0.0,0.0,810.0,5180.0,5320.0,0.0,90.0,0.0,0.0,0.0,0.0
1158584798262243328,156506311612.0,300.0,310.0,20.0,0.0,0.0,0.0,0.0,0.0,0.0,0.0,160.0,0.0,0.0,0.0,0.0,0.0,650.0,1130.0,1600.0,0.0,0.0,0.0,0.0,0.0,0.0
1158584798262243328,156506311612.0,300.0,310.0,20.0,0.0,0.0,0.0,0.0,0.0,0.0,0.0,160.0,0.0,0.0,0.0,0.0,0.0,650.0,1130.0,1600.0,0.0,0.0,0.0,0.0,0.0,0.0
1158584798262243328,156506311612.0,300.0,310.0,20.0,0.0,0.0,0.0,0.0,0.0,0.0,0.0,160.0,0.0,0.0,0.0,0.0,0.0,650.0,1130.0,1600.0,0.0,0.0,0.0,0.0,0.0,0.0
1158588880804880384,156506408912.0,360.0,140.0,10.0,0.0,10.0,0.0,0.0,0.0,0.0,0.0,230.0,0.0,0.0,0.0,0.0,0.0,1040.0,5050.0,8180.0,0.0,80.0,0.0,0.0,0.0,0.0
1158588880804880384,156506408912.0,360.0,140.0,10.0,0.0,10.0,0.0,0.0,0.0,0.0,0.0,230.0,0.0,0.0,0.0,0.0,0.0,1040.0,5050.0,8180.0,0.0,80.0,0.0,0.0,0.0,0.0
1158588880804880384,156506408912.0,360.0,140.0,10.0,0.0,10.0,0.0,0.0,0.0,0.0,0.0,230.0,0.0,0.0,0.0,0.0,0.0,1040.0,5050.0,8180.0,0.0,80.0,0.0,0.0,0.0,0.0
1158595729352470528,156506572212.0,80.0,460.0,0.0,0.0,10.0,0.0,0.0,0.0,0.0,0.0,170.0,0.0,0.0,0.0,0.0,0.0,900.0,2125970.0,933390.0,0.0,3050.0,0.0,200.0,1.1109999656677246e+16,1.4289999961853028e+16
1158595729352470528,156506572212.0,80.0,460.0,0.0,0.0,10.0,0.0,0.0,0.0,0.0,0.0,170.0,0.0,0.0,0.0,0.0,0.0,900.0,2125970.0,933390.0,0.0,3050.0,0.0,200.0,1.1109999656677246e+16,1.4289999961853028e+16
1158595729352470528,156506572212.0,80.0,460.0,0.0,0.0,10.0,0.0,0.0,0.0,0.0,0.0,170.0,0.0,0.0,0.0,0.0,0.0,900.0,2125970.0,933390.0,0.0,3050.0,0.0,200.0,1.1109999656677246e+16,1.4289999961853028e+16
1158595792334217216,156506573712.0,50.0,450.0,0.0,0.0,10.0,0.0,0.0,0.0,0.0,0.0,630.0,0.0,0.0,0.0,0.0,0.0,1780.0,2500.0,3350.0,0.0,0.0,0.0,0.0,0.0,0.0
1158595792334217216,156506573712.0,50.0,450.0,0.0,0.0,10.0,0.0,0.0,0.0,0.0,0.0,630.0,0.0,0.0,0.0,0.0,0.0,1780.0,2500.0,3350.0,0.0,0.0,0.0,0.0,0.0,0.0
1158595792334217216,156506573712.0,50.0,450.0,0.0,0.0,10.0,0.0,0.0,0.0,0.0,0.0,630.0,0.0,0.0,0.0,0.0,0.0,1780.0,2500.0,3350.0,0.0,0.0,0.0,0.0,0.0,0.0
1158600613841833984,156506688612.0,60.0,510.0,0.0,0.0,0.0,0.0,0.0,0.0,0.0,0.0,120.0,0.0,0.0,0.0,0.0,0.0,630.0,4410.0,6470.0,0.0,60.0,0.0,0.0,0.0,0.0
1158600613841833984,156506688612.0,60.0,510.0,0.0,0.0,0.0,0.0,0.0,0.0,0.0,0.0,120.0,0.0,0.0,0.0,0.0,0.0,630.0,4410.0,6470.0,0.0,60.0,0.0,0.0,0.0,0.0
1158600613841833984,156506688612.0,60.0,510.0,0.0,0.0,0.0,0.0,0.0,0.0,0.0,0.0,120.0,0.0,0.0,0.0,0.0,0.0,630.0,4410.0,6470.0,0.0,60.0,0.0,0.0,0.0,0.0
1158601242945306624,156506703612.0,120.0,470.0,0.0,0.0,10.0,0.0,0.0,0.0,0.0,0.0,170.0,0.0,0.0,0.0,0.0,0.0,820.0,1010.0,70.0,0.0,20.0,0.0,0.0,0.0,0.0
1158601242945306624,156506703612.0,120.0,470.0,0.0,0.0,10.0,0.0,0.0,0.0,0.0,0.0,170.0,0.0,0.0,0.0,0.0,0.0,820.0,1010.0,70.0,0.0,20.0,0.0,0.0,0.0,0.0
1158601242945306624,156506703612.0,120.0,470.0,0.0,0.0,10.0,0.0,0.0,0.0,0.0,0.0,170.0,0.0,0.0,0.0,0.0,0.0,820.0,1010.0,70.0,0.0,20.0,0.0,0.0,0.0,0.0
1158602281392189440,156506728412.0,70.0,540.0,0.0,10.0,0.0,0.0,0.0,0.0,0.0,0.0,170.0,0.0,0.0,0.0,0.0,0.0,830.0,870.0,4420.0,0.0,0.0,0.0,0.0,0.0,0.0
1158602281392189440,156506728412.0,70.0,540.0,0.0,10.0,0.0,0.0,0.0,0.0,0.0,0.0,170.0,0.0,0.0,0.0,0.0,0.0,830.0,870.0,4420.0,0.0,0.0,0.0,0.0,0.0,0.0
1158602281392189440,156506728412.0,70.0,540.0,0.0,10.0,0.0,0.0,0.0,0.0,0.0,0.0,170.0,0.0,0.0,0.0,0.0,0.0,830.0,870.0,4420.0,0.0,0.0,0.0,0.0,0.0,0.0
1158624453196222464,15650725712.0,130.0,270.0,10.0,0.0,0.0,0.0,0.0,0.0,0.0,0.0,100.0,0.0,0.0,0.0,0.0,0.0,620.0,2800.0,1750.0,0.0,10.0,0.0,0.0,0.0,0.0
1158624453196222464,15650725712.0,130.0,270.0,10.0,0.0,0.0,0.0,0.0,0.0,0.0,0.0,100.0,0.0,0.0,0.0,0.0,0.0,620.0,2800.0,1750.0,0.0,10.0,0.0,0.0,0.0,0.0
1158624453196222464,15650725712.0,130.0,270.0,10.0,0.0,0.0,0.0,0.0,0.0,0.0,0.0,100.0,0.0,0.0,0.0,0.0,0.0,620.0,2800.0,1750.0,0.0,10.0,0.0,0.0,0.0,0.0
1158635167637839872,156507512512.0,40.0,560.0,10.0,0.0,10.0,0.0,0.0,0.0,0.0,0.0,280.0,0.0,0.0,0.0,0.0,0.0,1440.0,4420.0,2250.0,0.0,130.0,0.0,0.0,0.0,0.0
1158635167637839872,156507512512.0,40.0,560.0,10.0,0.0,10.0,0.0,0.0,0.0,0.0,0.0,280.0,0.0,0.0,0.0,0.0,0.0,1440.0,4420.0,2250.0,0.0,130.0,0.0,0.0,0.0,0.0
1158635167637839872,156507512512.0,40.0,560.0,10.0,0.0,10.0,0.0,0.0,0.0,0.0,0.0,280.0,0.0,0.0,0.0,0.0,0.0,1440.0,4420.0,2250.0,0.0,130.0,0.0,0.0,0.0,0.0
1158635650578391040,15650752412.0,150.0,140.0,0.0,0.0,10.0,0.0,0.0,0.0,0.0,0.0,220.0,10.0,0.0,0.0,0.0,0.0,880.0,11850.0,14910.0,0.0,30.0,0.0,0.0,0.0,0.0
1158635650578391040,15650752412.0,150.0,140.0,0.0,0.0,10.0,0.0,0.0,0.0,0.0,0.0,220.0,10.0,0.0,0.0,0.0,0.0,880.0,11850.0,14910.0,0.0,30.0,0.0,0.0,0.0,0.0
1158635650578391040,15650752412.0,150.0,140.0,0.0,0.0,10.0,0.0,0.0,0.0,0.0,0.0,220.0,10.0,0.0,0.0,0.0,0.0,880.0,11850.0,14910.0,0.0,30.0,0.0,0.0,0.0,0.0
1158653450785361920,156507948412.0,10.0,580.0,0.0,0.0,10.0,0.0,0.0,0.0,0.0,0.0,610.0,0.0,0.0,0.0,0.0,0.0,1780.0,3100.0,6710.0,0.0,0.0,0.0,0.0,0.0,0.0
1158653450785361920,156507948412.0,10.0,580.0,0.0,0.0,10.0,0.0,0.0,0.0,0.0,0.0,610.0,0.0,0.0,0.0,0.0,0.0,1780.0,3100.0,6710.0,0.0,0.0,0.0,0.0,0.0,0.0
1158653450785361920,156507948412.0,10.0,580.0,0.0,0.0,10.0,0.0,0.0,0.0,0.0,0.0,610.0,0.0,0.0,0.0,0.0,0.0,1780.0,3100.0,6710.0,0.0,0.0,0.0,0.0,0.0,0.0
1158658901862211584,156508078312.0,20.0,270.0,0.0,0.0,10.0,0.0,0.0,0.0,0.0,0.0,240.0,0.0,0.0,0.0,0.0,0.0,1070.0,106550.0,77290.0,0.0,1470.0,0.0,0.0,0.0,0.0
1158658901862211584,156508078312.0,20.0,270.0,0.0,0.0,10.0,0.0,0.0,0.0,0.0,0.0,240.0,0.0,0.0,0.0,0.0,0.0,1070.0,106550.0,77290.0,0.0,1470.0,0.0,0.0,0.0,0.0
1158658901862211584,156508078312.0,20.0,270.0,0.0,0.0,10.0,0.0,0.0,0.0,0.0,0.0,240.0,0.0,0.0,0.0,0.0,0.0,1070.0,106550.0,77290.0,0.0,1470.0,0.0,0.0,0.0,0.0
1158672703508951040,156508407412.0,40.0,610.0,0.0,0.0,10.0,0.0,0.0,0.0,0.0,0.0,200.0,0.0,0.0,0.0,0.0,0.0,950.0,50380.0,42360.0,0.0,50.0,0.0,0.0,0.0,0.0
1158672703508951040,156508407412.0,40.0,610.0,0.0,0.0,10.0,0.0,0.0,0.0,0.0,0.0,200.0,0.0,0.0,0.0,0.0,0.0,950.0,50380.0,42360.0,0.0,50.0,0.0,0.0,0.0,0.0
1158672703508951040,156508407412.0,40.0,610.0,0.0,0.0,10.0,0.0,0.0,0.0,0.0,0.0,200.0,0.0,0.0,0.0,0.0,0.0,950.0,50380.0,42360.0,0.0,50.0,0.0,0.0,0.0,0.0
1158694119365054464,15650891812.0,20.0,560.0,40.0,0.0,10.0,0.0,0.0,0.0,0.0,0.0,440.0,0.0,0.0,0.0,0.0,0.0,1840.0,15370.0,21210.0,0.0,220.0,0.0,0.0,0.0,0.0
1158694119365054464,15650891812.0,20.0,560.0,40.0,0.0,10.0,0.0,0.0,0.0,0.0,0.0,440.0,0.0,0.0,0.0,0.0,0.0,1840.0,15370.0,21210.0,0.0,220.0,0.0,0.0,0.0,0.0
1158694119365054464,15650891812.0,20.0,560.0,40.0,0.0,10.0,0.0,0.0,0.0,0.0,0.0,440.0,0.0,0.0,0.0,0.0,0.0,1840.0,15370.0,21210.0,0.0,220.0,0.0,0.0,0.0,0.0
1158696343218655232,15650897112.0,50.0,140.0,0.0,0.0,10.0,0.0,0.0,0.0,0.0,0.0,170.0,0.0,0.0,0.0,0.0,0.0,880.0,870.0,1190.0,0.0,60.0,0.0,0.0,0.0,0.0
1158696343218655232,15650897112.0,50.0,140.0,0.0,0.0,10.0,0.0,0.0,0.0,0.0,0.0,170.0,0.0,0.0,0.0,0.0,0.0,880.0,870.0,1190.0,0.0,60.0,0.0,0.0,0.0,0.0
1158696343218655232,15650897112.0,50.0,140.0,0.0,0.0,10.0,0.0,0.0,0.0,0.0,0.0,170.0,0.0,0.0,0.0,0.0,0.0,880.0,870.0,1190.0,0.0,60.0,0.0,0.0,0.0,0.0
1158699463801745408,156509045412.0,30.0,610.0,0.0,0.0,0.0,0.0,0.0,0.0,0.0,0.0,250.0,0.0,0.0,0.0,0.0,0.0,1000.0,6830.0,7110.0,0.0,80.0,0.0,0.0,0.0,0.0
1158699463801745408,156509045412.0,30.0,610.0,0.0,0.0,0.0,0.0,0.0,0.0,0.0,0.0,250.0,0.0,0.0,0.0,0.0,0.0,1000.0,6830.0,7110.0,0.0,80.0,0.0,0.0,0.0,0.0
1158699463801745408,156509045412.0,30.0,610.0,0.0,0.0,0.0,0.0,0.0,0.0,0.0,0.0,250.0,0.0,0.0,0.0,0.0,0.0,1000.0,6830.0,7110.0,0.0,80.0,0.0,0.0,0.0,0.0
1158703426248855552,156509139912.0,150.0,140.0,0.0,0.0,10.0,0.0,0.0,0.0,0.0,0.0,250.0,0.0,0.0,0.0,0.0,0.0,1390.0,2310.0,6760.0,0.0,0.0,0.0,0.0,0.0,0.0
1158703426248855552,156509139912.0,150.0,140.0,0.0,0.0,10.0,0.0,0.0,0.0,0.0,0.0,250.0,0.0,0.0,0.0,0.0,0.0,1390.0,2310.0,6760.0,0.0,0.0,0.0,0.0,0.0,0.0
1158703426248855552,156509139912.0,150.0,140.0,0.0,0.0,10.0,0.0,0.0,0.0,0.0,0.0,250.0,0.0,0.0,0.0,0.0,0.0,1390.0,2310.0,6760.0,0.0,0.0,0.0,0.0,0.0,0.0
1158707274602254336,156509231612.0,50.0,170.0,10.0,0.0,10.0,0.0,0.0,0.0,0.0,0.0,200.0,0.0,0.0,0.0,0.0,0.0,1070.0,19690.0,22660.0,0.0,0.0,0.0,0.0,0.0,0.0
1158707274602254336,156509231612.0,50.0,170.0,10.0,0.0,10.0,0.0,0.0,0.0,0.0,0.0,200.0,0.0,0.0,0.0,0.0,0.0,1070.0,19690.0,22660.0,0.0,0.0,0.0,0.0,0.0,0.0
1158707274602254336,156509231612.0,50.0,170.0,10.0,0.0,10.0,0.0,0.0,0.0,0.0,0.0,200.0,0.0,0.0,0.0,0.0,0.0,1070.0,19690.0,22660.0,0.0,0.0,0.0,0.0,0.0,0.0
1158707978100510720,156509248412.0,120.0,330.0,0.0,0.0,10.0,0.0,0.0,0.0,0.0,0.0,160.0,0.0,0.0,0.0,0.0,0.0,570.0,4520.0,4050.0,0.0,110.0,0.0,0.0,0.0,0.0
1158707978100510720,156509248412.0,120.0,330.0,0.0,0.0,10.0,0.0,0.0,0.0,0.0,0.0,160.0,0.0,0.0,0.0,0.0,0.0,570.0,4520.0,4050.0,0.0,110.0,0.0,0.0,0.0,0.0
1158707978100510720,156509248412.0,120.0,330.0,0.0,0.0,10.0,0.0,0.0,0.0,0.0,0.0,160.0,0.0,0.0,0.0,0.0,0.0,570.0,4520.0,4050.0,0.0,110.0,0.0,0.0,0.0,0.0
1158713881369305088,156509389112.0,40.0,550.0,0.0,10.0,10.0,0.0,0.0,0.0,0.0,0.0,310.0,0.0,0.0,0.0,0.0,0.0,1490.0,780.0,3060.0,0.0,100.0,0.0,0.0,0.0,0.0
1158713881369305088,156509389112.0,40.0,550.0,0.0,10.0,10.0,0.0,0.0,0.0,0.0,0.0,310.0,0.0,0.0,0.0,0.0,0.0,1490.0,780.0,3060.0,0.0,100.0,0.0,0.0,0.0,0.0
1158713881369305088,156509389112.0,40.0,550.0,0.0,10.0,10.0,0.0,0.0,0.0,0.0,0.0,310.0,0.0,0.0,0.0,0.0,0.0,1490.0,780.0,3060.0,0.0,100.0,0.0,0.0,0.0,0.0
1158714985457041408,156509415512.0,50.0,140.0,0.0,0.0,10.0,0.0,0.0,0.0,0.0,0.0,180.0,0.0,0.0,0.0,0.0,0.0,880.0,200050.0,188190.0,0.0,440.0,0.0,0.0,0.0,0.0
1158714985457041408,156509415512.0,50.0,140.0,0.0,0.0,10.0,0.0,0.0,0.0,0.0,0.0,180.0,0.0,0.0,0.0,0.0,0.0,880.0,200050.0,188190.0,0.0,440.0,0.0,0.0,0.0,0.0
1158714985457041408,156509415512.0,50.0,140.0,0.0,0.0,10.0,0.0,0.0,0.0,0.0,0.0,180.0,0.0,0.0,0.0,0.0,0.0,880.0,200050.0,188190.0,0.0,440.0,0.0,0.0,0.0,0.0
1158717384217305088,156509472612.0,150.0,140.0,0.0,0.0,10.0,0.0,0.0,0.0,0.0,0.0,270.0,0.0,0.0,0.0,0.0,0.0,1390.0,22720.0,49030.0,0.0,200.0,0.0,0.0,0.0,0.0
1158717384217305088,156509472612.0,150.0,140.0,0.0,0.0,10.0,0.0,0.0,0.0,0.0,0.0,270.0,0.0,0.0,0.0,0.0,0.0,1390.0,22720.0,49030.0,0.0,200.0,0.0,0.0,0.0,0.0
1158717384217305088,156509472612.0,150.0,140.0,0.0,0.0,10.0,0.0,0.0,0.0,0.0,0.0,270.0,0.0,0.0,0.0,0.0,0.0,1390.0,22720.0,49030.0,0.0,200.0,0.0,0.0,0.0,0.0
1158720404795490304,156509544712.0,10.0,640.0,10.0,0.0,10.0,0.0,0.0,0.0,0.0,0.0,320.0,0.0,0.0,0.0,0.0,0.0,1120.0,29180.0,34230.0,0.0,20.0,0.0,0.0,0.0,0.0
1158720404795490304,156509544712.0,10.0,640.0,10.0,0.0,10.0,0.0,0.0,0.0,0.0,0.0,320.0,0.0,0.0,0.0,0.0,0.0,1120.0,29180.0,34230.0,0.0,20.0,0.0,0.0,0.0,0.0
1158720404795490304,156509544712.0,10.0,640.0,10.0,0.0,10.0,0.0,0.0,0.0,0.0,0.0,320.0,0.0,0.0,0.0,0.0,0.0,1120.0,29180.0,34230.0,0.0,20.0,0.0,0.0,0.0,0.0
1158723947128643584,156509629112.0,100.0,190.0,50.0,0.0,0.0,0.0,0.0,0.0,0.0,0.0,260.0,10.0,0.0,0.0,0.0,0.0,1380.0,240.0,740.0,0.0,70.0,0.0,0.0,0.0,0.0
1158723947128643584,156509629112.0,100.0,190.0,50.0,0.0,0.0,0.0,0.0,0.0,0.0,0.0,260.0,10.0,0.0,0.0,0.0,0.0,1380.0,240.0,740.0,0.0,70.0,0.0,0.0,0.0,0.0
1158723947128643584,156509629112.0,100.0,190.0,50.0,0.0,0.0,0.0,0.0,0.0,0.0,0.0,260.0,10.0,0.0,0.0,0.0,0.0,1380.0,240.0,740.0,0.0,70.0,0.0,0.0,0.0,0.0
1158737308255948800,156509947712.0,50.0,170.0,10.0,0.0,10.0,0.0,0.0,0.0,0.0,0.0,210.0,0.0,0.0,0.0,0.0,0.0,1070.0,113200.0,124120.0,0.0,660.0,0.0,0.0,0.0,0.0
1158737308255948800,156509947712.0,50.0,170.0,10.0,0.0,10.0,0.0,0.0,0.0,0.0,0.0,210.0,0.0,0.0,0.0,0.0,0.0,1070.0,113200.0,124120.0,0.0,660.0,0.0,0.0,0.0,0.0
1158737308255948800,156509947712.0,50.0,170.0,10.0,0.0,10.0,0.0,0.0,0.0,0.0,0.0,210.0,0.0,0.0,0.0,0.0,0.0,1070.0,113200.0,124120.0,0.0,660.0,0.0,0.0,0.0,0.0
1158746716306366464,15651017212.0,150.0,140.0,0.0,0.0,10.0,0.0,0.0,0.0,0.0,0.0,220.0,0.0,0.0,0.0,0.0,0.0,1090.0,2530.0,4780.0,0.0,10.0,0.0,0.0,0.0,0.0
1158746716306366464,15651017212.0,150.0,140.0,0.0,0.0,10.0,0.0,0.0,0.0,0.0,0.0,220.0,0.0,0.0,0.0,0.0,0.0,1090.0,2530.0,4780.0,0.0,10.0,0.0,0.0,0.0,0.0
1158746716306366464,15651017212.0,150.0,140.0,0.0,0.0,10.0,0.0,0.0,0.0,0.0,0.0,220.0,0.0,0.0,0.0,0.0,0.0,1090.0,2530.0,4780.0,0.0,10.0,0.0,0.0,0.0,0.0
1158754728303648768,15651036312.0,10.0,640.0,10.0,0.0,10.0,0.0,0.0,0.0,0.0,0.0,310.0,0.0,0.0,0.0,0.0,0.0,1120.0,37910.0,45400.0,0.0,40.0,0.0,0.0,0.0,0.0
1158754728303648768,15651036312.0,10.0,640.0,10.0,0.0,10.0,0.0,0.0,0.0,0.0,0.0,310.0,0.0,0.0,0.0,0.0,0.0,1120.0,37910.0,45400.0,0.0,40.0,0.0,0.0,0.0,0.0
1158754728303648768,15651036312.0,10.0,640.0,10.0,0.0,10.0,0.0,0.0,0.0,0.0,0.0,310.0,0.0,0.0,0.0,0.0,0.0,1120.0,37910.0,45400.0,0.0,40.0,0.0,0.0,0.0,0.0
1158756597801398272,156510407612.0,50.0,170.0,10.0,0.0,10.0,0.0,0.0,0.0,0.0,0.0,200.0,0.0,0.0,0.0,0.0,0.0,1070.0,36340.0,13620.0,0.0,20.0,0.0,0.0,0.0,0.0
1158756597801398272,156510407612.0,50.0,170.0,10.0,0.0,10.0,0.0,0.0,0.0,0.0,0.0,200.0,0.0,0.0,0.0,0.0,0.0,1070.0,36340.0,13620.0,0.0,20.0,0.0,0.0,0.0,0.0
1158756597801398272,156510407612.0,50.0,170.0,10.0,0.0,10.0,0.0,0.0,0.0,0.0,0.0,200.0,0.0,0.0,0.0,0.0,0.0,1070.0,36340.0,13620.0,0.0,20.0,0.0,0.0,0.0,0.0
1158757544711659520,156510430112.0,150.0,140.0,0.0,0.0,10.0,0.0,0.0,0.0,0.0,0.0,240.0,10.0,0.0,0.0,0.0,0.0,920.0,6800.0,8020.0,0.0,350.0,0.0,0.0,0.0,0.0
1158757544711659520,156510430112.0,150.0,140.0,0.0,0.0,10.0,0.0,0.0,0.0,0.0,0.0,240.0,10.0,0.0,0.0,0.0,0.0,920.0,6800.0,8020.0,0.0,350.0,0.0,0.0,0.0,0.0
1158757544711659520,156510430112.0,150.0,140.0,0.0,0.0,10.0,0.0,0.0,0.0,0.0,0.0,240.0,10.0,0.0,0.0,0.0,0.0,920.0,6800.0,8020.0,0.0,350.0,0.0,0.0,0.0,0.0
1158757734793265152,156510434712.0,20.0,580.0,0.0,10.0,10.0,0.0,0.0,0.0,0.0,0.0,290.0,0.0,0.0,0.0,0.0,0.0,1330.0,2442750.0,5600.0,0.0,17550.0,0.0,0.0,0.0,0.0
1158757734793265152,156510434712.0,20.0,580.0,0.0,10.0,10.0,0.0,0.0,0.0,0.0,0.0,290.0,0.0,0.0,0.0,0.0,0.0,1330.0,2442750.0,5600.0,0.0,17550.0,0.0,0.0,0.0,0.0
1158757734793265152,156510434712.0,20.0,580.0,0.0,10.0,10.0,0.0,0.0,0.0,0.0,0.0,290.0,0.0,0.0,0.0,0.0,0.0,1330.0,2442750.0,5600.0,0.0,17550.0,0.0,0.0,0.0,0.0
1158778371251286016,156510926712.0,100.0,480.0,20.0,0.0,0.0,0.0,0.0,0.0,0.0,0.0,100.0,0.0,0.0,0.0,0.0,0.0,450.0,1510.0,15270.0,0.0,50.0,0.0,0.0,0.0,0.0
1158778371251286016,156510926712.0,100.0,480.0,20.0,0.0,0.0,0.0,0.0,0.0,0.0,0.0,100.0,0.0,0.0,0.0,0.0,0.0,450.0,1510.0,15270.0,0.0,50.0,0.0,0.0,0.0,0.0
1158778371251286016,156510926712.0,100.0,480.0,20.0,0.0,0.0,0.0,0.0,0.0,0.0,0.0,100.0,0.0,0.0,0.0,0.0,0.0,450.0,1510.0,15270.0,0.0,50.0,0.0,0.0,0.0,0.0
1158781125805989888,156510992412.0,80.0,550.0,0.0,0.0,10.0,0.0,0.0,0.0,0.0,0.0,210.0,0.0,0.0,0.0,0.0,0.0,1120.0,3780.0,4380.0,0.0,0.0,0.0,0.0,0.0,0.0
1158781125805989888,156510992412.0,80.0,550.0,0.0,0.0,10.0,0.0,0.0,0.0,0.0,0.0,210.0,0.0,0.0,0.0,0.0,0.0,1120.0,3780.0,4380.0,0.0,0.0,0.0,0.0,0.0,0.0
1158781125805989888,156510992412.0,80.0,550.0,0.0,0.0,10.0,0.0,0.0,0.0,0.0,0.0,210.0,0.0,0.0,0.0,0.0,0.0,1120.0,3780.0,4380.0,0.0,0.0,0.0,0.0,0.0,0.0
1158783532887506944,156511049812.0,400.0,200.0,20.0,0.0,0.0,0.0,0.0,0.0,0.0,0.0,170.0,0.0,0.0,0.0,0.0,0.0,910.0,9830.0,16770.0,0.0,80.0,0.0,0.0,0.0,0.0
1158783532887506944,156511049812.0,400.0,200.0,20.0,0.0,0.0,0.0,0.0,0.0,0.0,0.0,170.0,0.0,0.0,0.0,0.0,0.0,910.0,9830.0,16770.0,0.0,80.0,0.0,0.0,0.0,0.0
1158783532887506944,156511049812.0,400.0,200.0,20.0,0.0,0.0,0.0,0.0,0.0,0.0,0.0,170.0,0.0,0.0,0.0,0.0,0.0,910.0,9830.0,16770.0,0.0,80.0,0.0,0.0,0.0,0.0
1158790844142497792,156511224112.0,260.0,290.0,10.0,0.0,0.0,0.0,0.0,0.0,0.0,0.0,60.0,0.0,0.0,0.0,0.0,0.0,450.0,1130.0,2070.0,0.0,10.0,0.0,0.0,0.0,0.0
1158790844142497792,156511224112.0,260.0,290.0,10.0,0.0,0.0,0.0,0.0,0.0,0.0,0.0,60.0,0.0,0.0,0.0,0.0,0.0,450.0,1130.0,2070.0,0.0,10.0,0.0,0.0,0.0,0.0
1158790844142497792,156511224112.0,260.0,290.0,10.0,0.0,0.0,0.0,0.0,0.0,0.0,0.0,60.0,0.0,0.0,0.0,0.0,0.0,450.0,1130.0,2070.0,0.0,10.0,0.0,0.0,0.0,0.0
1158792875947298816,156511272512.0,30.0,650.0,10.0,0.0,10.0,0.0,0.0,0.0,0.0,0.0,250.0,0.0,0.0,0.0,0.0,0.0,1320.0,1090.0,940.0,0.0,0.0,0.0,0.0,0.0,0.0
1158792875947298816,156511272512.0,30.0,650.0,10.0,0.0,10.0,0.0,0.0,0.0,0.0,0.0,250.0,0.0,0.0,0.0,0.0,0.0,1320.0,1090.0,940.0,0.0,0.0,0.0,0.0,0.0,0.0
1158792875947298816,156511272512.0,30.0,650.0,10.0,0.0,10.0,0.0,0.0,0.0,0.0,0.0,250.0,0.0,0.0,0.0,0.0,0.0,1320.0,1090.0,940.0,0.0,0.0,0.0,0.0,0.0,0.0
1158796347052580864,156511355312.0,40.0,710.0,20.0,0.0,0.0,0.0,0.0,0.0,0.0,0.0,280.0,0.0,0.0,0.0,0.0,0.0,1230.0,1730.0,2230.0,0.0,30.0,0.0,0.0,0.0,0.0
1158796347052580864,156511355312.0,40.0,710.0,20.0,0.0,0.0,0.0,0.0,0.0,0.0,0.0,280.0,0.0,0.0,0.0,0.0,0.0,1230.0,1730.0,2230.0,0.0,30.0,0.0,0.0,0.0,0.0
1158796347052580864,156511355312.0,40.0,710.0,20.0,0.0,0.0,0.0,0.0,0.0,0.0,0.0,280.0,0.0,0.0,0.0,0.0,0.0,1230.0,1730.0,2230.0,0.0,30.0,0.0,0.0,0.0,0.0
1158796436559020032,156511357412.0,160.0,420.0,0.0,0.0,0.0,0.0,0.0,0.0,0.0,0.0,590.0,0.0,0.0,0.0,0.0,0.0,2500.0,10.0,10.0,0.0,0.0,0.0,0.0,0.0,0.0
1158796436559020032,156511357412.0,160.0,420.0,0.0,0.0,0.0,0.0,0.0,0.0,0.0,0.0,590.0,0.0,0.0,0.0,0.0,0.0,2500.0,10.0,10.0,0.0,0.0,0.0,0.0,0.0,0.0
1158796436559020032,156511357412.0,160.0,420.0,0.0,0.0,0.0,0.0,0.0,0.0,0.0,0.0,590.0,0.0,0.0,0.0,0.0,0.0,2500.0,10.0,10.0,0.0,0.0,0.0,0.0,0.0,0.0
1158798494657851392,156511406512.0,150.0,140.0,0.0,0.0,10.0,0.0,0.0,0.0,0.0,0.0,210.0,10.0,0.0,0.0,0.0,0.0,920.0,720.0,2100.0,0.0,120.0,0.0,0.0,0.0,0.0
1158798494657851392,156511406512.0,150.0,140.0,0.0,0.0,10.0,0.0,0.0,0.0,0.0,0.0,210.0,10.0,0.0,0.0,0.0,0.0,920.0,720.0,2100.0,0.0,120.0,0.0,0.0,0.0,0.0
1158798494657851392,156511406512.0,150.0,140.0,0.0,0.0,10.0,0.0,0.0,0.0,0.0,0.0,210.0,10.0,0.0,0.0,0.0,0.0,920.0,720.0,2100.0,0.0,120.0,0.0,0.0,0.0,0.0
1158800199910903808,156511447112.0,100.0,550.0,0.0,10.0,10.0,0.0,0.0,0.0,0.0,0.0,270.0,0.0,0.0,0.0,0.0,0.0,1200.0,2442750.0,5600.0,0.0,17550.0,0.0,0.0,0.0,0.0
1158800199910903808,156511447112.0,100.0,550.0,0.0,10.0,10.0,0.0,0.0,0.0,0.0,0.0,270.0,0.0,0.0,0.0,0.0,0.0,1200.0,2442750.0,5600.0,0.0,17550.0,0.0,0.0,0.0,0.0
1158800199910903808,156511447112.0,100.0,550.0,0.0,10.0,10.0,0.0,0.0,0.0,0.0,0.0,270.0,0.0,0.0,0.0,0.0,0.0,1200.0,2442750.0,5600.0,0.0,17550.0,0.0,0.0,0.0,0.0
1158802259062472704,156511496212.0,100.0,470.0,0.0,10.0,10.0,0.0,0.0,0.0,0.0,0.0,400.0,0.0,0.0,0.0,0.0,0.0,1140.0,160.0,260.0,0.0,10.0,0.0,0.0,0.0,0.0
1158802259062472704,156511496212.0,100.0,470.0,0.0,10.0,10.0,0.0,0.0,0.0,0.0,0.0,400.0,0.0,0.0,0.0,0.0,0.0,1140.0,160.0,260.0,0.0,10.0,0.0,0.0,0.0,0.0
1158802259062472704,156511496212.0,100.0,470.0,0.0,10.0,10.0,0.0,0.0,0.0,0.0,0.0,400.0,0.0,0.0,0.0,0.0,0.0,1140.0,160.0,260.0,0.0,10.0,0.0,0.0,0.0,0.0
1158803082379235328,156511515912.0,100.0,470.0,0.0,10.0,10.0,0.0,0.0,0.0,0.0,0.0,350.0,0.0,0.0,0.0,0.0,0.0,1140.0,70.0,1300.0,0.0,0.0,0.0,0.0,0.0,0.0
1158803082379235328,156511515912.0,100.0,470.0,0.0,10.0,10.0,0.0,0.0,0.0,0.0,0.0,350.0,0.0,0.0,0.0,0.0,0.0,1140.0,70.0,1300.0,0.0,0.0,0.0,0.0,0.0,0.0
1158803082379235328,156511515912.0,100.0,470.0,0.0,10.0,10.0,0.0,0.0,0.0,0.0,0.0,350.0,0.0,0.0,0.0,0.0,0.0,1140.0,70.0,1300.0,0.0,0.0,0.0,0.0,0.0,0.0
1158803608197947392,156511528412.0,360.0,140.0,10.0,0.0,10.0,0.0,0.0,0.0,0.0,0.0,190.0,0.0,0.0,0.0,0.0,0.0,1040.0,2830.0,820.0,0.0,0.0,0.0,0.0,0.0,0.0
1158803608197947392,156511528412.0,360.0,140.0,10.0,0.0,10.0,0.0,0.0,0.0,0.0,0.0,190.0,0.0,0.0,0.0,0.0,0.0,1040.0,2830.0,820.0,0.0,0.0,0.0,0.0,0.0,0.0
1158803608197947392,156511528412.0,360.0,140.0,10.0,0.0,10.0,0.0,0.0,0.0,0.0,0.0,190.0,0.0,0.0,0.0,0.0,0.0,1040.0,2830.0,820.0,0.0,0.0,0.0,0.0,0.0,0.0
1158807136807374848,156511612512.0,150.0,140.0,0.0,0.0,10.0,0.0,0.0,0.0,0.0,0.0,230.0,10.0,0.0,0.0,0.0,0.0,1010.0,11540.0,14760.0,0.0,10.0,0.0,0.0,0.0,0.0
1158807136807374848,156511612512.0,150.0,140.0,0.0,0.0,10.0,0.0,0.0,0.0,0.0,0.0,230.0,10.0,0.0,0.0,0.0,0.0,1010.0,11540.0,14760.0,0.0,10.0,0.0,0.0,0.0,0.0
1158807136807374848,156511612512.0,150.0,140.0,0.0,0.0,10.0,0.0,0.0,0.0,0.0,0.0,230.0,10.0,0.0,0.0,0.0,0.0,1010.0,11540.0,14760.0,0.0,10.0,0.0,0.0,0.0,0.0
1158821041126248448,15651194412.0,30.0,650.0,10.0,0.0,10.0,0.0,0.0,0.0,0.0,0.0,240.0,0.0,0.0,0.0,0.0,0.0,1320.0,54820.0,63620.0,0.0,2010.0,0.0,0.0,0.0,0.0
1158821041126248448,15651194412.0,30.0,650.0,10.0,0.0,10.0,0.0,0.0,0.0,0.0,0.0,240.0,0.0,0.0,0.0,0.0,0.0,1320.0,54820.0,63620.0,0.0,2010.0,0.0,0.0,0.0,0.0
1158821041126248448,15651194412.0,30.0,650.0,10.0,0.0,10.0,0.0,0.0,0.0,0.0,0.0,240.0,0.0,0.0,0.0,0.0,0.0,1320.0,54820.0,63620.0,0.0,2010.0,0.0,0.0,0.0,0.0
1158825142262177792,156512041812.0,20.0,620.0,0.0,0.0,10.0,0.0,0.0,0.0,0.0,0.0,180.0,0.0,0.0,0.0,0.0,0.0,910.0,5520.0,11350.0,0.0,70.0,0.0,0.0,0.0,0.0
1158825142262177792,156512041812.0,20.0,620.0,0.0,0.0,10.0,0.0,0.0,0.0,0.0,0.0,180.0,0.0,0.0,0.0,0.0,0.0,910.0,5520.0,11350.0,0.0,70.0,0.0,0.0,0.0,0.0
1158825142262177792,156512041812.0,20.0,620.0,0.0,0.0,10.0,0.0,0.0,0.0,0.0,0.0,180.0,0.0,0.0,0.0,0.0,0.0,910.0,5520.0,11350.0,0.0,70.0,0.0,0.0,0.0,0.0
1158827631950934016,156512101212.0,30.0,650.0,10.0,0.0,10.0,0.0,0.0,0.0,0.0,0.0,240.0,0.0,0.0,0.0,0.0,0.0,1320.0,41130.0,48660.0,0.0,470.0,0.0,0.0,0.0,0.0
1158827631950934016,156512101212.0,30.0,650.0,10.0,0.0,10.0,0.0,0.0,0.0,0.0,0.0,240.0,0.0,0.0,0.0,0.0,0.0,1320.0,41130.0,48660.0,0.0,470.0,0.0,0.0,0.0,0.0
1158827631950934016,156512101212.0,30.0,650.0,10.0,0.0,10.0,0.0,0.0,0.0,0.0,0.0,240.0,0.0,0.0,0.0,0.0,0.0,1320.0,41130.0,48660.0,0.0,470.0,0.0,0.0,0.0,0.0
1158832561394790400,156512218712.0,30.0,650.0,10.0,0.0,10.0,0.0,0.0,0.0,0.0,0.0,250.0,0.0,0.0,0.0,0.0,0.0,1320.0,163650.0,156310.0,0.0,3190.0,0.0,0.0,0.0,0.0
1158832561394790400,156512218712.0,30.0,650.0,10.0,0.0,10.0,0.0,0.0,0.0,0.0,0.0,250.0,0.0,0.0,0.0,0.0,0.0,1320.0,163650.0,156310.0,0.0,3190.0,0.0,0.0,0.0,0.0
1158832561394790400,156512218712.0,30.0,650.0,10.0,0.0,10.0,0.0,0.0,0.0,0.0,0.0,250.0,0.0,0.0,0.0,0.0,0.0,1320.0,163650.0,156310.0,0.0,3190.0,0.0,0.0,0.0,0.0
1158835422686040064,156512286912.0,150.0,140.0,30.0,0.0,10.0,0.0,0.0,0.0,0.0,0.0,220.0,10.0,0.0,0.0,0.0,0.0,1190.0,2570.0,6710.0,0.0,10.0,0.0,0.0,0.0,0.0
1158835422686040064,156512286912.0,150.0,140.0,30.0,0.0,10.0,0.0,0.0,0.0,0.0,0.0,220.0,10.0,0.0,0.0,0.0,0.0,1190.0,2570.0,6710.0,0.0,10.0,0.0,0.0,0.0,0.0
1158835422686040064,156512286912.0,150.0,140.0,30.0,0.0,10.0,0.0,0.0,0.0,0.0,0.0,220.0,10.0,0.0,0.0,0.0,0.0,1190.0,2570.0,6710.0,0.0,10.0,0.0,0.0,0.0,0.0
1158836958887645184,156512323512.0,20.0,620.0,0.0,0.0,10.0,0.0,0.0,0.0,0.0,0.0,180.0,0.0,0.0,0.0,0.0,0.0,910.0,21510.0,27170.0,0.0,60.0,0.0,0.0,0.0,0.0
1158836958887645184,156512323512.0,20.0,620.0,0.0,0.0,10.0,0.0,0.0,0.0,0.0,0.0,180.0,0.0,0.0,0.0,0.0,0.0,910.0,21510.0,27170.0,0.0,60.0,0.0,0.0,0.0,0.0
1158836958887645184,156512323512.0,20.0,620.0,0.0,0.0,10.0,0.0,0.0,0.0,0.0,0.0,180.0,0.0,0.0,0.0,0.0,0.0,910.0,21510.0,27170.0,0.0,60.0,0.0,0.0,0.0,0.0
1158837133731221504,156512327712.0,150.0,430.0,0.0,0.0,10.0,0.0,0.0,0.0,0.0,0.0,200.0,0.0,0.0,0.0,0.0,0.0,530.0,440.0,930.0,0.0,0.0,0.0,0.0,0.0,0.0
1158837133731221504,156512327712.0,150.0,430.0,0.0,0.0,10.0,0.0,0.0,0.0,0.0,0.0,200.0,0.0,0.0,0.0,0.0,0.0,530.0,440.0,930.0,0.0,0.0,0.0,0.0,0.0,0.0
1158837133731221504,156512327712.0,150.0,430.0,0.0,0.0,10.0,0.0,0.0,0.0,0.0,0.0,200.0,0.0,0.0,0.0,0.0,0.0,530.0,440.0,930.0,0.0,0.0,0.0,0.0,0.0,0.0
1158843632620920832,156512482612.0,110.0,440.0,20.0,0.0,0.0,0.0,0.0,0.0,0.0,0.0,290.0,10.0,0.0,0.0,0.0,0.0,1140.0,1630.0,5690.0,0.0,0.0,0.0,0.0,0.0,0.0
1158843632620920832,156512482612.0,110.0,440.0,20.0,0.0,0.0,0.0,0.0,0.0,0.0,0.0,290.0,10.0,0.0,0.0,0.0,0.0,1140.0,1630.0,5690.0,0.0,0.0,0.0,0.0,0.0,0.0
1158843632620920832,156512482612.0,110.0,440.0,20.0,0.0,0.0,0.0,0.0,0.0,0.0,0.0,290.0,10.0,0.0,0.0,0.0,0.0,1140.0,1630.0,5690.0,0.0,0.0,0.0,0.0,0.0,0.0
1158845009627664384,156512515512.0,80.0,550.0,0.0,0.0,10.0,0.0,0.0,0.0,0.0,0.0,190.0,0.0,0.0,0.0,0.0,0.0,1120.0,680.0,570.0,0.0,50.0,0.0,0.0,0.0,0.0
1158845009627664384,156512515512.0,80.0,550.0,0.0,0.0,10.0,0.0,0.0,0.0,0.0,0.0,190.0,0.0,0.0,0.0,0.0,0.0,1120.0,680.0,570.0,0.0,50.0,0.0,0.0,0.0,0.0
1158845009627664384,156512515512.0,80.0,550.0,0.0,0.0,10.0,0.0,0.0,0.0,0.0,0.0,190.0,0.0,0.0,0.0,0.0,0.0,1120.0,680.0,570.0,0.0,50.0,0.0,0.0,0.0,0.0
1158845133472686080,156512518412.0,20.0,620.0,0.0,0.0,10.0,0.0,0.0,0.0,0.0,0.0,170.0,0.0,0.0,0.0,0.0,0.0,910.0,5900.0,10570.0,0.0,20.0,0.0,0.0,0.0,0.0
1158845133472686080,156512518412.0,20.0,620.0,0.0,0.0,10.0,0.0,0.0,0.0,0.0,0.0,170.0,0.0,0.0,0.0,0.0,0.0,910.0,5900.0,10570.0,0.0,20.0,0.0,0.0,0.0,0.0
1158845133472686080,156512518412.0,20.0,620.0,0.0,0.0,10.0,0.0,0.0,0.0,0.0,0.0,170.0,0.0,0.0,0.0,0.0,0.0,910.0,5900.0,10570.0,0.0,20.0,0.0,0.0,0.0,0.0
1158847022373302272,156512563512.0,10.0,610.0,500.0,0.0,0.0,0.0,0.0,0.0,0.0,0.0,2010.0,10.0,0.0,0.0,0.0,0.0,7140.0,190.0,970.0,0.0,0.0,0.0,0.0,0.0,0.0
1158847022373302272,156512563512.0,10.0,610.0,500.0,0.0,0.0,0.0,0.0,0.0,0.0,0.0,2010.0,10.0,0.0,0.0,0.0,0.0,7140.0,190.0,970.0,0.0,0.0,0.0,0.0,0.0,0.0
1158847022373302272,156512563512.0,10.0,610.0,500.0,0.0,0.0,0.0,0.0,0.0,0.0,0.0,2010.0,10.0,0.0,0.0,0.0,0.0,7140.0,190.0,970.0,0.0,0.0,0.0,0.0,0.0,0.0
1158850098815787008,156512636812.0,150.0,140.0,0.0,0.0,10.0,0.0,0.0,0.0,0.0,0.0,160.0,0.0,0.0,0.0,0.0,0.0,760.0,4570.0,8020.0,0.0,10.0,0.0,0.0,0.0,0.0
1158850098815787008,156512636812.0,150.0,140.0,0.0,0.0,10.0,0.0,0.0,0.0,0.0,0.0,160.0,0.0,0.0,0.0,0.0,0.0,760.0,4570.0,8020.0,0.0,10.0,0.0,0.0,0.0,0.0
1158850098815787008,156512636812.0,150.0,140.0,0.0,0.0,10.0,0.0,0.0,0.0,0.0,0.0,160.0,0.0,0.0,0.0,0.0,0.0,760.0,4570.0,8020.0,0.0,10.0,0.0,0.0,0.0,0.0
1158852960325124096,15651270512.0,130.0,420.0,0.0,0.0,10.0,0.0,0.0,0.0,0.0,0.0,160.0,0.0,0.0,0.0,0.0,0.0,670.0,38600.0,50010.0,0.0,1190.0,0.0,0.0,0.0,0.0
1158852960325124096,15651270512.0,130.0,420.0,0.0,0.0,10.0,0.0,0.0,0.0,0.0,0.0,160.0,0.0,0.0,0.0,0.0,0.0,670.0,38600.0,50010.0,0.0,1190.0,0.0,0.0,0.0,0.0
1158852960325124096,15651270512.0,130.0,420.0,0.0,0.0,10.0,0.0,0.0,0.0,0.0,0.0,160.0,0.0,0.0,0.0,0.0,0.0,670.0,38600.0,50010.0,0.0,1190.0,0.0,0.0,0.0,0.0
1158855708491833344,156512770612.0,30.0,730.0,0.0,0.0,10.0,0.0,0.0,0.0,0.0,0.0,160.0,0.0,0.0,0.0,0.0,0.0,810.0,2930.0,3100.0,0.0,10.0,0.0,0.0,0.0,0.0
1158855708491833344,156512770612.0,30.0,730.0,0.0,0.0,10.0,0.0,0.0,0.0,0.0,0.0,160.0,0.0,0.0,0.0,0.0,0.0,810.0,2930.0,3100.0,0.0,10.0,0.0,0.0,0.0,0.0
1158855708491833344,156512770612.0,30.0,730.0,0.0,0.0,10.0,0.0,0.0,0.0,0.0,0.0,160.0,0.0,0.0,0.0,0.0,0.0,810.0,2930.0,3100.0,0.0,10.0,0.0,0.0,0.0,0.0
1158858285510025216,15651283212.0,120.0,440.0,10.0,0.0,0.0,0.0,0.0,0.0,0.0,0.0,60.0,0.0,0.0,0.0,0.0,0.0,380.0,30.0,330.0,0.0,0.0,0.0,0.0,0.0,0.0
1158858285510025216,15651283212.0,120.0,440.0,10.0,0.0,0.0,0.0,0.0,0.0,0.0,0.0,60.0,0.0,0.0,0.0,0.0,0.0,380.0,30.0,330.0,0.0,0.0,0.0,0.0,0.0,0.0
1158858285510025216,15651283212.0,120.0,440.0,10.0,0.0,0.0,0.0,0.0,0.0,0.0,0.0,60.0,0.0,0.0,0.0,0.0,0.0,380.0,30.0,330.0,0.0,0.0,0.0,0.0,0.0,0.0
1158859643201789952,156512864412.0,10.0,640.0,10.0,0.0,10.0,0.0,0.0,0.0,0.0,0.0,320.0,0.0,0.0,0.0,0.0,0.0,1120.0,4970.0,6790.0,0.0,0.0,0.0,0.0,0.0,0.0
1158859643201789952,156512864412.0,10.0,640.0,10.0,0.0,10.0,0.0,0.0,0.0,0.0,0.0,320.0,0.0,0.0,0.0,0.0,0.0,1120.0,4970.0,6790.0,0.0,0.0,0.0,0.0,0.0,0.0
1158859643201789952,156512864412.0,10.0,640.0,10.0,0.0,10.0,0.0,0.0,0.0,0.0,0.0,320.0,0.0,0.0,0.0,0.0,0.0,1120.0,4970.0,6790.0,0.0,0.0,0.0,0.0,0.0,0.0
1158862402475233280,156512930212.0,40.0,590.0,30.0,0.0,0.0,0.0,0.0,0.0,0.0,0.0,200.0,0.0,0.0,0.0,0.0,0.0,750.0,33170.0,33240.0,0.0,20.0,0.0,0.0,0.0,0.0
1158862402475233280,156512930212.0,40.0,590.0,30.0,0.0,0.0,0.0,0.0,0.0,0.0,0.0,200.0,0.0,0.0,0.0,0.0,0.0,750.0,33170.0,33240.0,0.0,20.0,0.0,0.0,0.0,0.0
1158862402475233280,156512930212.0,40.0,590.0,30.0,0.0,0.0,0.0,0.0,0.0,0.0,0.0,200.0,0.0,0.0,0.0,0.0,0.0,750.0,33170.0,33240.0,0.0,20.0,0.0,0.0,0.0,0.0
1158865327540695040,156512999912.0,20.0,620.0,0.0,0.0,0.0,0.0,0.0,0.0,0.0,0.0,1110.0,0.0,0.0,0.0,0.0,0.0,2760.0,2070.0,910.0,0.0,200.0,0.0,0.0,0.0,0.0
1158865327540695040,156512999912.0,20.0,620.0,0.0,0.0,0.0,0.0,0.0,0.0,0.0,0.0,1110.0,0.0,0.0,0.0,0.0,0.0,2760.0,2070.0,910.0,0.0,200.0,0.0,0.0,0.0,0.0
1158865327540695040,156512999912.0,20.0,620.0,0.0,0.0,0.0,0.0,0.0,0.0,0.0,0.0,1110.0,0.0,0.0,0.0,0.0,0.0,2760.0,2070.0,910.0,0.0,200.0,0.0,0.0,0.0,0.0
1158868863943135232,156513084212.0,80.0,550.0,0.0,0.0,10.0,0.0,0.0,0.0,0.0,0.0,200.0,0.0,0.0,0.0,0.0,0.0,1120.0,203700.0,246590.0,0.0,1060.0,0.0,0.0,0.0,0.0
1158868863943135232,156513084212.0,80.0,550.0,0.0,0.0,10.0,0.0,0.0,0.0,0.0,0.0,200.0,0.0,0.0,0.0,0.0,0.0,1120.0,203700.0,246590.0,0.0,1060.0,0.0,0.0,0.0,0.0
1158868863943135232,156513084212.0,80.0,550.0,0.0,0.0,10.0,0.0,0.0,0.0,0.0,0.0,200.0,0.0,0.0,0.0,0.0,0.0,1120.0,203700.0,246590.0,0.0,1060.0,0.0,0.0,0.0,0.0
1158873376276041728,156513191812.0,350.0,220.0,10.0,0.0,0.0,0.0,0.0,0.0,0.0,0.0,90.0,0.0,0.0,0.0,0.0,0.0,600.0,2070.0,4370.0,0.0,10.0,0.0,0.0,0.0,0.0
1158873376276041728,156513191812.0,350.0,220.0,10.0,0.0,0.0,0.0,0.0,0.0,0.0,0.0,90.0,0.0,0.0,0.0,0.0,0.0,600.0,2070.0,4370.0,0.0,10.0,0.0,0.0,0.0,0.0
1158873376276041728,156513191812.0,350.0,220.0,10.0,0.0,0.0,0.0,0.0,0.0,0.0,0.0,90.0,0.0,0.0,0.0,0.0,0.0,600.0,2070.0,4370.0,0.0,10.0,0.0,0.0,0.0,0.0
1158874507186245632,156513218812.0,410.0,210.0,10.0,0.0,0.0,0.0,0.0,0.0,0.0,0.0,300.0,0.0,0.0,0.0,0.0,0.0,1220.0,11620.0,10520.0,0.0,160.0,0.0,0.0,0.0,0.0
1158874507186245632,156513218812.0,410.0,210.0,10.0,0.0,0.0,0.0,0.0,0.0,0.0,0.0,300.0,0.0,0.0,0.0,0.0,0.0,1220.0,11620.0,10520.0,0.0,160.0,0.0,0.0,0.0,0.0
1158874507186245632,156513218812.0,410.0,210.0,10.0,0.0,0.0,0.0,0.0,0.0,0.0,0.0,300.0,0.0,0.0,0.0,0.0,0.0,1220.0,11620.0,10520.0,0.0,160.0,0.0,0.0,0.0,0.0
1158876110894927872,15651325712.0,20.0,620.0,0.0,0.0,10.0,0.0,0.0,0.0,0.0,0.0,190.0,0.0,0.0,0.0,0.0,0.0,910.0,6670.0,3480.0,0.0,860.0,0.0,0.0,0.0,0.0
1158876110894927872,15651325712.0,20.0,620.0,0.0,0.0,10.0,0.0,0.0,0.0,0.0,0.0,190.0,0.0,0.0,0.0,0.0,0.0,910.0,6670.0,3480.0,0.0,860.0,0.0,0.0,0.0,0.0
1158876110894927872,15651325712.0,20.0,620.0,0.0,0.0,10.0,0.0,0.0,0.0,0.0,0.0,190.0,0.0,0.0,0.0,0.0,0.0,910.0,6670.0,3480.0,0.0,860.0,0.0,0.0,0.0,0.0
1158876923868504064,156513276412.0,30.0,230.0,0.0,0.0,10.0,0.0,0.0,0.0,0.0,0.0,400.0,0.0,0.0,0.0,0.0,0.0,1300.0,850.0,20.0,0.0,20.0,0.0,0.0,0.0,0.0
1158876923868504064,156513276412.0,30.0,230.0,0.0,0.0,10.0,0.0,0.0,0.0,0.0,0.0,400.0,0.0,0.0,0.0,0.0,0.0,1300.0,850.0,20.0,0.0,20.0,0.0,0.0,0.0,0.0
1158876923868504064,156513276412.0,30.0,230.0,0.0,0.0,10.0,0.0,0.0,0.0,0.0,0.0,400.0,0.0,0.0,0.0,0.0,0.0,1300.0,850.0,20.0,0.0,20.0,0.0,0.0,0.0,0.0
1158876923868504064,156513276412.0,30.0,230.0,0.0,0.0,10.0,0.0,0.0,0.0,0.0,0.0,400.0,0.0,0.0,0.0,0.0,0.0,1300.0,850.0,20.0,0.0,20.0,0.0,0.0,0.0,0.0
1158876923868504064,156513276412.0,30.0,230.0,0.0,0.0,10.0,0.0,0.0,0.0,0.0,0.0,400.0,0.0,0.0,0.0,0.0,0.0,1300.0,850.0,20.0,0.0,20.0,0.0,0.0,0.0,0.0
1158877780085489664,156513296812.0,100.0,520.0,20.0,0.0,0.0,0.0,0.0,0.0,0.0,0.0,70.0,0.0,0.0,0.0,0.0,0.0,540.0,1260.0,6580.0,0.0,0.0,0.0,0.0,0.0,0.0
1158877780085489664,156513296812.0,100.0,520.0,20.0,0.0,0.0,0.0,0.0,0.0,0.0,0.0,70.0,0.0,0.0,0.0,0.0,0.0,540.0,1260.0,6580.0,0.0,0.0,0.0,0.0,0.0,0.0
1158877780085489664,156513296812.0,100.0,520.0,20.0,0.0,0.0,0.0,0.0,0.0,0.0,0.0,70.0,0.0,0.0,0.0,0.0,0.0,540.0,1260.0,6580.0,0.0,0.0,0.0,0.0,0.0,0.0
1158879279884701696,156513332512.0,90.0,480.0,0.0,0.0,10.0,0.0,0.0,0.0,0.0,0.0,130.0,0.0,0.0,0.0,0.0,0.0,550.0,286300.0,13830.0,0.0,6840.0,0.0,0.0,0.0,0.0
1158879279884701696,156513332512.0,90.0,480.0,0.0,0.0,10.0,0.0,0.0,0.0,0.0,0.0,130.0,0.0,0.0,0.0,0.0,0.0,550.0,286300.0,13830.0,0.0,6840.0,0.0,0.0,0.0,0.0
1158879279884701696,156513332512.0,90.0,480.0,0.0,0.0,10.0,0.0,0.0,0.0,0.0,0.0,130.0,0.0,0.0,0.0,0.0,0.0,550.0,286300.0,13830.0,0.0,6840.0,0.0,0.0,0.0,0.0
1158881326747070464,156513381312.0,20.0,420.0,500.0,0.0,0.0,0.0,0.0,0.0,0.0,0.0,2100.0,0.0,0.0,0.0,0.0,0.0,7600.0,810.0,840.0,0.0,0.0,0.0,0.0,0.0,0.0
1158881326747070464,156513381312.0,20.0,420.0,500.0,0.0,0.0,0.0,0.0,0.0,0.0,0.0,2100.0,0.0,0.0,0.0,0.0,0.0,7600.0,810.0,840.0,0.0,0.0,0.0,0.0,0.0,0.0
1158881326747070464,156513381312.0,20.0,420.0,500.0,0.0,0.0,0.0,0.0,0.0,0.0,0.0,2100.0,0.0,0.0,0.0,0.0,0.0,7600.0,810.0,840.0,0.0,0.0,0.0,0.0,0.0,0.0
1158881636840280064,156513388712.0,40.0,610.0,500.0,0.0,0.0,0.0,0.0,0.0,0.0,0.0,2020.0,10.0,0.0,0.0,0.0,0.0,6870.0,2500.0,1730.0,0.0,20.0,0.0,0.0,0.0,0.0
1158881636840280064,156513388712.0,40.0,610.0,500.0,0.0,0.0,0.0,0.0,0.0,0.0,0.0,2020.0,10.0,0.0,0.0,0.0,0.0,6870.0,2500.0,1730.0,0.0,20.0,0.0,0.0,0.0,0.0
1158881636840280064,156513388712.0,40.0,610.0,500.0,0.0,0.0,0.0,0.0,0.0,0.0,0.0,2020.0,10.0,0.0,0.0,0.0,0.0,6870.0,2500.0,1730.0,0.0,20.0,0.0,0.0,0.0,0.0
1158883650865438720,156513436812.0,70.0,560.0,0.0,0.0,10.0,0.0,0.0,0.0,0.0,0.0,150.0,0.0,0.0,0.0,0.0,0.0,770.0,1587850.0,12660.0,0.0,13930.0,0.0,0.0,0.0,0.0
1158883650865438720,156513436812.0,70.0,560.0,0.0,0.0,10.0,0.0,0.0,0.0,0.0,0.0,150.0,0.0,0.0,0.0,0.0,0.0,770.0,1587850.0,12660.0,0.0,13930.0,0.0,0.0,0.0,0.0
1158883650865438720,156513436812.0,70.0,560.0,0.0,0.0,10.0,0.0,0.0,0.0,0.0,0.0,150.0,0.0,0.0,0.0,0.0,0.0,770.0,1587850.0,12660.0,0.0,13930.0,0.0,0.0,0.0,0.0
1158888683552071680,156513556712.0,0.0,10.0,10.0,0.0,0.0,0.0,0.0,0.0,0.0,0.0,120.0,20.0,0.0,0.0,0.0,0.0,570.0,6420.0,9460.0,0.0,50.0,0.0,0.0,0.0,0.0
1158888683552071680,156513556712.0,0.0,10.0,10.0,0.0,0.0,0.0,0.0,0.0,0.0,0.0,120.0,20.0,0.0,0.0,0.0,0.0,570.0,6420.0,9460.0,0.0,50.0,0.0,0.0,0.0,0.0
1158888683552071680,156513556712.0,0.0,10.0,10.0,0.0,0.0,0.0,0.0,0.0,0.0,0.0,120.0,20.0,0.0,0.0,0.0,0.0,570.0,6420.0,9460.0,0.0,50.0,0.0,0.0,0.0,0.0
1158890152946593792,156513591812.0,50.0,590.0,10.0,0.0,0.0,0.0,0.0,0.0,0.0,0.0,100.0,0.0,0.0,0.0,0.0,0.0,690.0,30980.0,41240.0,0.0,20.0,0.0,0.0,0.0,0.0
1158890152946593792,156513591812.0,50.0,590.0,10.0,0.0,0.0,0.0,0.0,0.0,0.0,0.0,100.0,0.0,0.0,0.0,0.0,0.0,690.0,30980.0,41240.0,0.0,20.0,0.0,0.0,0.0,0.0
1158890152946593792,156513591812.0,50.0,590.0,10.0,0.0,0.0,0.0,0.0,0.0,0.0,0.0,100.0,0.0,0.0,0.0,0.0,0.0,690.0,30980.0,41240.0,0.0,20.0,0.0,0.0,0.0,0.0
