,tweet_id,priority,postCategories_x
0,2.115659744224256e+17,0.75,19.0
1,2.116544155039908e+17,0.5,15.0
2,2.1168130936865587e+17,0.25,15.0
3,2.116856211257426e+17,0.25,16.0
4,2.1187704914773606e+17,0.25,7.0
5,2.1188408299133338e+17,0.75,8.0
6,2.118930168924242e+17,0.5,7.0
7,2.1190481125009e+17,0.5,14.0
8,2.119103225823355e+17,0.75,19.0
9,2.1196419839623168e+17,0.5,12.0
10,2.120001142465536e+17,0.5,13.0
11,2.120324145648804e+17,0.5,13.0
12,2.1209986317171098e+17,0.25,15.0
13,2.1213713373607526e+17,0.25,15.0
14,2.12158197543338e+17,0.25,7.0
15,2.121692034221998e+17,0.25,18.0
16,2.121763672892539e+17,0.25,18.0
17,2.12197095518634e+17,0.25,4.0
18,2.1220195254784e+17,0.25,11.0
19,2.1220246004604928e+17,0.5,7.0
20,2.122145606172754e+17,0.25,11.0
21,2.122278985123881e+17,0.25,18.0
22,2.1223166917071667e+17,0.25,18.0
23,2.122427505344512e+17,0.5,22.0
24,2.122981992291492e+17,0.25,15.0
25,2.123063361830912e+17,0.25,15.0
26,2.1231199428662067e+17,0.0,13.0
27,2.123157356099666e+17,0.5,7.0
28,2.123194433831035e+17,0.25,11.0
29,2.1233721044226458e+17,0.75,20.0
30,2.1237310947761766e+17,0.25,7.0
31,2.123842957199319e+17,0.5,7.0
32,2.1241426398427546e+17,0.25,15.0
33,2.1242944317043507e+17,0.25,21.0
34,2.1245273414893978e+17,0.5,7.0
35,2.124627417708626e+17,0.25,15.0
36,2.1252533334849126e+17,0.25,15.0
37,2.125528605908132e+17,0.5,13.0
38,2.125598902484992e+17,0.5,7.0
39,2.125873545427067e+17,0.25,15.0
40,2.1259094066423808e+17,0.25,18.0
41,2.1259586477295206e+17,0.25,11.0
42,2.126049538464809e+17,0.25,11.0
43,2.126170586162258e+17,0.5,13.0
44,2.1261746964543898e+17,0.25,15.0
45,2.126593497792676e+17,0.25,11.0
46,2.1267879035313766e+17,0.75,6.0
47,2.1267959565529907e+17,0.5,19.0
48,2.126929167941632e+17,0.25,4.0
49,2.128245046893609e+17,0.25,15.0
50,2.128418187804672e+17,0.25,15.0
51,2.1284758173320806e+17,0.25,15.0
52,2.1288709626279117e+17,0.25,15.0
53,2.1300346303296307e+17,0.25,15.0
54,2.130075986376786e+17,0.25,15.0
55,2.130157901091963e+17,0.5,13.0
56,2.130705090033746e+17,0.5,7.0
57,2.1312517754073907e+17,0.25,11.0
58,2.131389348872233e+17,0.25,13.0
59,2.1327519522449408e+17,0.5,5.0
60,2.1330371228481126e+17,0.75,16.0
61,2.1330755008135987e+17,0.25,11.0
62,2.133360629809152e+17,0.5,16.0
63,2.133562921133056e+17,0.5,23.0
64,2.1339120967313408e+17,0.25,7.0
65,2.134131584743588e+17,0.25,18.0
66,2.1341640904318157e+17,0.25,15.0
67,2.13469647377408e+17,0.25,7.0
68,2.1347017583035187e+17,0.25,15.0
69,2.135534663443415e+17,0.25,7.0
70,2.135976281627771e+17,0.25,15.0
71,2.136277684355195e+17,0.5,7.0
72,2.1367160308145766e+17,0.25,15.0
73,2.136897350828073e+17,0.5,1.0
74,2.1374844273911808e+17,0.5,5.0
75,2.1375162621166797e+17,0.5,7.0
76,2.1382498879551898e+17,0.5,13.0
77,2.1396795162638336e+17,0.25,7.0
78,2.1401234413991117e+17,0.75,6.0
79,2.1404489194314547e+17,0.25,11.0
80,2.1418218410437018e+17,0.25,15.0
81,2.141946076579922e+17,0.5,7.0
82,2.1420116751588557e+17,0.25,15.0
83,2.14226740220928e+17,0.25,15.0
84,2.143493145568215e+17,0.25,15.0
85,2.143500066211922e+17,0.25,11.0
86,2.14385830171648e+17,0.25,7.0
87,2.1442544953786778e+17,0.75,14.0
88,2.144263009941627e+17,0.75,14.0
89,2.1447996291115418e+17,0.25,11.0
90,2.1449007118380237e+17,0.5,13.0
91,2.1457042566402458e+17,0.5,13.0
92,2.1479410369364378e+17,0.75,23.0
93,2.1482668923302707e+17,0.25,15.0
94,2.1485041642754867e+17,0.25,15.0
95,2.1488610155339776e+17,0.5,7.0
96,2.1494923002709606e+17,0.75,8.0
97,2.1502385088954778e+17,0.25,7.0
98,2.1506235880296858e+17,0.5,13.0
99,2.1511935518744576e+17,0.25,15.0
100,2.151384350931108e+17,0.5,5.0
101,2.1517409924743578e+17,0.25,11.0
102,2.152494163937198e+17,0.5,5.0
103,2.1531734313023898e+17,0.25,15.0
104,2.153528269588439e+17,0.25,7.0
105,2.154653139894272e+17,0.5,7.0
106,2.1557815752327578e+17,0.25,15.0
107,2.157638939040891e+17,0.5,2.0
108,2.1582162009746227e+17,0.25,11.0
109,2.158551745462313e+17,0.75,23.0
110,2.1586969100301107e+17,0.75,5.0
111,2.1630581892725146e+17,0.75,12.0
112,2.163363073523712e+17,0.5,13.0
113,2.1634973748862157e+17,0.5,13.0
114,2.1636610787391488e+17,0.5,13.0
115,2.165501874920571e+17,0.5,5.0
116,2.16608731599872e+17,0.25,11.0
117,2.1665076689359667e+17,0.25,11.0
118,2.166648597592146e+17,0.5,9.0
119,2.16685898392277e+17,0.75,19.0
120,2.1674346519371366e+17,0.25,11.0
121,2.167492156138578e+17,0.25,21.0
122,2.16759722336981e+17,0.5,13.0
123,2.1677420944621568e+17,0.75,12.0
124,2.168683506078843e+17,0.25,15.0
125,2.1690012244392346e+17,0.25,15.0
126,2.169519892323492e+17,0.75,23.0
127,2.1696133412907827e+17,0.25,4.0
128,2.1697931511031808e+17,0.25,4.0
129,2.16983274558464e+17,0.75,14.0
130,2.169842937701417e+17,0.75,14.0
131,2.170081677526999e+17,0.5,13.0
132,2.1703959563902976e+17,0.25,18.0
133,2.1704822333493248e+17,0.25,15.0
134,2.1708862287106048e+17,0.25,11.0
135,2.1710310579437568e+17,0.25,11.0
136,2.172762005555282e+17,0.5,13.0
137,2.1735298144678707e+17,0.25,7.0
138,2.173935865373778e+17,0.75,1.0
139,2.174209292009595e+17,0.5,20.0
140,2.1742972882978406e+17,0.5,13.0
141,2.1747996821987328e+17,0.5,13.0
142,2.1748151591804928e+17,0.25,5.0
143,2.1756985632790938e+17,0.25,7.0
144,2.1763497710860288e+17,0.25,11.0
145,2.176799694076027e+17,0.25,18.0
146,2.176917805718569e+17,0.75,14.0
147,2.177072156021924e+17,0.25,11.0
148,2.17724286427861e+17,0.5,13.0
149,2.1773201231486157e+17,0.5,8.0
150,2.1773357678605517e+17,0.5,13.0
151,2.177422380615639e+17,0.25,15.0
152,2.1774635684292608e+17,0.5,13.0
153,2.432039240504484e+17,0.25,17.0
154,2.4336164244700774e+17,0.5,15.0
155,2.433616970022994e+17,0.25,17.0
156,2.4336175991268147e+17,0.25,17.0
157,2.433620535181312e+17,0.25,16.0
158,2.4336228840337e+17,0.25,17.0
159,2.4336264910093107e+17,0.25,17.0
160,2.4336278332286157e+17,0.25,16.0
161,2.4336299721557197e+17,0.25,16.0
162,2.4336305594423296e+17,0.25,17.0
163,2.433632447046779e+17,0.25,17.0
164,2.4336348794493747e+17,0.25,17.0
165,2.433636725068964e+17,0.25,16.0
166,2.433636809164882e+17,0.25,17.0
167,2.4336378155460608e+17,0.75,16.0
168,2.4336390738792858e+17,0.25,15.0
169,2.433641842287575e+17,0.25,16.0
170,2.4336426389118976e+17,0.25,17.0
171,2.4336470429311795e+17,0.25,17.0
172,2.4336516569592218e+17,0.25,17.0
173,2.4336582418066227e+17,0.25,18.0
174,2.4336676790326477e+17,0.5,16.0
175,2.433671160346706e+17,0.75,14.0
176,2.4336772002285568e+17,0.25,17.0
177,2.433678164960297e+17,0.25,17.0
178,2.4336800521455206e+17,0.75,14.0
179,2.4336801359477965e+17,0.25,17.0
180,2.4336829462153216e+17,0.75,20.0
181,2.4336869307202355e+17,0.25,16.0
182,2.433696451957924e+17,0.25,16.0
183,2.4336983393110426e+17,0.5,15.0
184,2.4337011077194547e+17,0.25,17.0
185,2.4337035824427418e+17,0.25,17.0
186,2.4337047566380646e+17,0.25,17.0
187,2.4337068539159757e+17,0.25,17.0
188,2.4337116774074778e+17,0.25,17.0
189,2.4337124322142618e+17,0.25,17.0
190,2.433718094608548e+17,0.25,17.0
191,2.433718975538176e+17,0.25,11.0
192,2.433719059466158e+17,0.25,17.0
193,2.433719898326958e+17,0.75,16.0
194,2.4337205690381517e+17,0.5,14.0
195,2.4337218273715405e+17,0.25,15.0
196,2.4337236308800307e+17,0.25,15.0
197,2.43372774167552e+17,0.25,17.0
198,2.4337356266316186e+17,0.25,17.0
199,2.4337380594118246e+17,0.25,17.0
200,2.433745902885929e+17,0.25,17.0
201,2.433752152440955e+17,0.25,17.0
202,2.4337550462590566e+17,0.25,16.0
203,2.4337554659411968e+17,0.75,6.0
204,2.4337557174736077e+17,0.75,14.0
205,2.4337585275314176e+17,0.75,21.0
206,2.4337607086114406e+17,0.25,11.0
207,2.433763770579026e+17,1.0,6.0
208,2.4337677969012326e+17,0.25,17.0
209,2.4337679228982886e+17,0.25,17.0
210,2.4337722429056205e+17,0.25,17.0
211,2.4337759761297e+17,0.5,7.0
212,2.433776017904804e+17,0.5,7.0
213,2.4337763114221568e+17,0.25,17.0
214,2.4337780730719027e+17,0.75,13.0
215,2.4337797927366656e+17,0.5,16.0
216,2.4337837771995546e+17,0.5,14.0
217,2.433788475029627e+17,0.5,16.0
218,2.4337934661677056e+17,0.25,15.0
219,2.433794389082194e+17,0.25,17.0
220,2.4337982477581926e+17,0.5,20.0
221,2.4338022321371136e+17,0.25,17.0
222,2.433811459941335e+17,0.5,7.0
223,2.433815989789819e+17,0.25,17.0
224,2.433823245893673e+17,0.5,7.0
225,2.4338313825499955e+17,0.25,3.0
226,2.433836332164096e+17,0.25,17.0
227,2.4338372966864077e+17,0.25,17.0
228,2.4338378419458048e+17,0.25,17.0
229,2.4338403164592538e+17,0.25,16.0
230,2.4338417428584448e+17,0.25,17.0
231,2.4338447625475686e+17,0.25,15.0
232,2.433850089439232e+17,0.25,17.0
233,2.4338811690642637e+17,0.25,17.0
234,2.4338939618593178e+17,0.25,17.0
235,2.433898617410683e+17,0.25,17.0
236,2.4339029793613005e+17,0.5,16.0
237,2.433903608842322e+17,0.5,16.0
238,2.4339079288916378e+17,0.25,17.0
239,2.433919379299451e+17,0.25,17.0
240,2.4339398055181107e+17,0.25,17.0
241,2.4339438738670387e+17,0.25,11.0
242,2.4339469776519987e+17,0.5,15.0
243,2.4339624128586138e+17,0.25,17.0
244,2.4339756247484416e+17,0.25,16.0
245,2.433978099681403e+17,0.25,17.0
246,2.4339791060627456e+17,0.25,11.0
247,2.4339893821913907e+17,0.25,17.0
248,2.4340137931245978e+17,0.25,17.0
249,2.434035351930962e+17,0.5,20.0
250,2.4340586719256166e+17,0.25,11.0
251,2.4340813631102976e+17,0.25,18.0
252,2.4340924362825728e+17,0.75,7.0
253,2.4340929393472307e+17,0.75,7.0
254,2.4341021668161946e+17,0.5,13.0
255,2.4341189860590797e+17,0.5,7.0
256,2.4341310238375526e+17,0.25,18.0
257,2.4341482203158938e+17,0.25,17.0
258,2.434172547488932e+17,0.25,15.0
259,2.4341957839332147e+17,0.25,15.0
260,2.4342516938797056e+17,0.25,11.0
261,2.4342525328663757e+17,0.25,18.0
262,2.4342607954772378e+17,0.25,17.0
263,2.434272371882107e+17,0.75,7.0
264,2.4343149438999347e+17,0.25,17.0
265,2.4343373835102208e+17,0.25,18.0
266,2.4343669951707136e+17,0.25,17.0
267,2.4343706022722355e+17,0.25,17.0
268,2.434432971908219e+17,0.25,17.0
269,2.434448784392315e+17,0.25,17.0
270,2.4345597654665626e+17,0.25,15.0
271,2.4346754444966298e+17,0.5,19.0
272,2.4347884809475686e+17,0.75,8.0
273,2.434917204263076e+17,0.25,15.0
274,2.434966696924324e+17,0.25,11.0
275,2.4350557420823757e+17,0.25,21.0
276,2.435069205923922e+17,0.25,17.0
277,2.4352029199579136e+17,0.25,11.0
278,2.4353257293049856e+17,0.25,15.0
279,2.4355670697668608e+17,0.25,4.0
280,2.435630990959739e+17,0.25,15.0
281,2.4358598738771968e+17,0.25,17.0
282,2.4360440878768128e+17,0.25,15.0
283,2.4361563272421376e+17,0.25,17.0
284,2.436268944597975e+17,0.5,7.0
285,2.4362784235574477e+17,0.25,4.0
286,2.436793610001531e+17,0.25,11.0
287,2.436831316920361e+17,0.25,15.0
288,2.437460714010788e+17,0.25,15.0
289,2.4385108839723418e+17,0.25,21.0
290,2.4387536081770086e+17,0.25,11.0
291,2.4392244608699187e+17,0.25,17.0
292,2.4396780746376806e+17,0.25,8.0
293,2.4396795845452186e+17,0.25,8.0
294,2.439685750381732e+17,0.25,8.0
295,2.4396873860765696e+17,0.25,8.0
296,2.4396942646931046e+17,0.25,11.0
297,2.4396980397345587e+17,0.25,11.0
298,2.4397218213543117e+17,0.25,11.0
299,2.4397277352808448e+17,0.25,11.0
300,2.439794173140091e+17,0.25,11.0
301,2.4402436345889587e+17,0.25,15.0
302,2.4408539477639168e+17,0.25,11.0
303,2.4409426992367616e+17,0.25,11.0
304,2.440977680025682e+17,0.25,11.0
305,2.441045921351762e+17,0.25,11.0
306,2.4412733782898688e+17,0.25,3.0
307,2.4424393948438528e+17,0.25,11.0
308,2.4441005488592077e+17,0.75,14.0
309,2.444201505966039e+17,0.25,11.0
310,2.444527025899438e+17,0.25,11.0
311,2.44541017854976e+17,0.25,11.0
312,2.4454172666300006e+17,0.5,8.0
313,2.445427039609897e+17,0.25,17.0
314,2.4455733785829376e+17,0.25,17.0
315,2.4457149783697408e+17,0.25,11.0
316,2.4509691829906637e+17,0.25,11.0
317,2.4513860969761178e+17,0.25,11.0
318,2.4529413027046605e+17,0.25,11.0
319,2.4571772141583155e+17,0.25,17.0
320,2.4571868610575974e+17,0.25,17.0
321,2.457766765863895e+17,0.25,17.0
322,2.4577974260586086e+17,0.25,17.0
323,2.4583025878645146e+17,0.25,11.0
324,2.4585183011290726e+17,0.5,16.0
325,2.4650809186729574e+17,0.25,11.0
326,2.4660485446056346e+17,0.25,15.0
327,2.4721520119843635e+17,0.25,17.0
328,2.4729369759359795e+17,0.25,17.0
329,2.4815666725718016e+17,0.25,17.0
330,2.7431749340798157e+17,0.25,21.0
331,2.7453065632167526e+17,0.25,11.0
332,2.7466078462005248e+17,0.5,23.0
333,2.7468158419456e+17,0.75,14.0
334,2.7472832130727117e+17,0.75,13.0
335,2.748633149856809e+17,0.75,13.0
336,2.7503535694298317e+17,0.25,11.0
337,2.750451045012603e+17,0.75,23.0
338,2.750653462333358e+17,0.5,1.0
339,2.750848749127844e+17,0.5,4.0
340,2.7508622964780237e+17,0.5,10.0
341,2.7508695524980736e+17,0.25,21.0
342,2.7509114957898547e+17,0.25,18.0
343,2.7509466441412608e+17,0.25,15.0
344,2.7509563327317197e+17,0.25,15.0
345,2.7510555700901888e+17,0.25,11.0
346,2.751109341193216e+17,0.5,16.0
347,2.7511180650521395e+17,0.5,4.0
348,2.7511777920249446e+17,0.5,1.0
349,2.7512185188006298e+17,0.25,11.0
350,2.751299930324992e+17,0.25,3.0
351,2.7513106674498355e+17,0.25,18.0
352,2.751399293470679e+17,0.5,7.0
353,2.7514568809709568e+17,0.5,13.0
354,2.751644030983332e+17,0.25,10.0
355,2.7518984154371686e+17,0.75,14.0
356,2.7520907241075917e+17,0.75,13.0
357,2.7521304864032768e+17,0.25,21.0
358,2.7521564489352397e+17,0.25,15.0
359,2.7521699965370778e+17,0.5,7.0
360,2.7521751136299418e+17,0.25,15.0
361,2.752250066052178e+17,0.5,7.0
362,2.7522919249963418e+17,0.5,13.0
363,2.752312938543268e+17,0.25,18.0
364,2.752375811244073e+17,0.5,1.0
365,2.752547106535506e+17,0.5,7.0
366,2.752595760587899e+17,0.25,18.0
367,2.752610734211154e+17,0.25,21.0
368,2.7526374938288128e+17,0.25,1.0
369,2.7526650922653696e+17,0.5,16.0
370,2.7528549264224666e+17,0.5,23.0
371,2.7533944398298726e+17,0.25,11.0
372,2.7534414577679565e+17,0.5,7.0
373,2.7535082311715635e+17,0.5,23.0
374,2.7538574490903347e+17,0.25,18.0
375,2.75398264914858e+17,0.25,15.0
376,2.7541745383888486e+17,0.25,15.0
377,2.7544147040680755e+17,0.5,13.0
378,2.7546929124201677e+17,0.5,20.0
379,2.7547034399552717e+17,0.25,17.0
380,2.754779482854523e+17,0.25,11.0
381,2.7547879132378726e+17,0.25,11.0
382,2.754835728680919e+17,0.25,4.0
383,2.7548413068118835e+17,0.25,18.0
384,2.7549976704647168e+17,0.25,11.0
385,2.755038271411323e+17,0.5,13.0
386,2.755041165690921e+17,0.25,11.0
387,2.7551164111273165e+17,0.25,18.0
388,2.7551445551588147e+17,0.25,15.0
389,2.755248070707364e+17,0.75,16.0
390,2.7553072939021107e+17,0.25,15.0
391,2.755319835080786e+17,0.75,16.0
392,2.7553399255872307e+17,0.5,4.0
393,2.7553834625887437e+17,0.25,18.0
394,2.7553882021522637e+17,0.25,11.0
395,2.755396926556283e+17,0.25,11.0
396,2.7554194497589658e+17,0.5,7.0
397,2.755442224871588e+17,0.25,18.0
398,2.7554592538298778e+17,0.25,11.0
399,2.755459463419044e+17,0.25,18.0
400,2.7555226294697574e+17,0.5,16.0
401,2.7555549257363046e+17,0.25,18.0
402,2.7556289973127578e+17,0.25,15.0
403,2.7556767284922368e+17,0.25,15.0
404,2.7557391396098048e+17,0.5,4.0
405,2.7557505900597248e+17,0.25,15.0
406,2.7557590623860736e+17,0.75,23.0
407,2.7557764689994957e+17,0.25,15.0
408,2.7557766787565978e+17,0.5,23.0
409,2.7558126237319987e+17,0.25,11.0
410,2.755843536046162e+17,0.5,7.0
411,2.7559000330273997e+17,0.5,4.0
412,2.755947302959227e+17,0.25,11.0
413,2.7560004026382746e+17,0.25,18.0
414,2.7560762776814387e+17,0.5,15.0
415,2.7563075517298688e+17,0.25,21.0
416,2.756487906969641e+17,0.25,18.0
417,2.7565461656006656e+17,0.5,16.0
418,2.7565717927142605e+17,0.5,7.0
419,2.756605850630226e+17,0.5,10.0
420,2.7568028572571648e+17,0.5,23.0
421,2.7571548850659328e+17,0.25,18.0
422,2.757159331154043e+17,0.25,13.0
423,2.7571618474847027e+17,0.25,11.0
424,2.7571857969606656e+17,0.5,15.0
425,2.7572000576362496e+17,0.5,13.0
426,2.7572054262194176e+17,0.5,23.0
427,2.7572578551452467e+17,0.5,23.0
428,2.7572888511358157e+17,0.25,11.0
429,2.7572943036049e+17,0.75,14.0
430,2.7573088579237888e+17,0.75,6.0
431,2.7573653970997248e+17,0.25,15.0
432,2.7573804964683366e+17,0.5,23.0
433,2.7573918212569088e+17,0.5,7.0
434,2.757421684869284e+17,0.5,4.0
435,2.7574620336962355e+17,0.25,21.0
436,2.757471974574039e+17,0.25,18.0
437,2.757484263759012e+17,0.25,11.0
438,2.7575057385535488e+17,0.25,18.0
439,2.7575365666041446e+17,0.75,6.0
440,2.757549527087227e+17,0.5,7.0
441,2.757556322027643e+17,0.5,23.0
442,2.757557831935058e+17,0.25,15.0
443,2.7575603062387507e+17,0.25,15.0
444,2.7575832073904538e+17,0.25,11.0
445,2.7576012007027917e+17,0.75,6.0
446,2.7576014525708698e+17,0.25,4.0
447,2.7576295542819226e+17,0.25,18.0
448,2.7576305189717606e+17,0.25,11.0
449,2.7576381945899827e+17,0.25,4.0
450,2.7576430598568346e+17,0.25,4.0
451,2.7576581594351206e+17,0.5,23.0
452,2.7576871423275008e+17,0.25,11.0
453,2.757734579947684e+17,0.25,23.0
454,2.7577420035302605e+17,0.25,11.0
455,2.757744226804777e+17,0.25,18.0
456,2.7577771940344218e+17,0.5,16.0
457,2.7578407794312397e+17,0.75,6.0
458,2.757848371247186e+17,0.5,13.0
459,2.757938339151954e+17,0.5,23.0
460,2.75795436122538e+17,0.25,18.0
461,2.757977765651497e+17,0.25,21.0
462,2.7579791913793946e+17,0.75,6.0
463,2.758129263954084e+17,0.25,11.0
464,2.758178924429435e+17,0.25,11.0
465,2.7581879839584666e+17,0.25,15.0
466,2.758294183903273e+17,0.25,11.0
467,2.758300684990587e+17,0.25,15.0
468,2.7583177975413146e+17,0.25,11.0
469,2.758334616993874e+17,0.5,7.0
470,2.7583368399331738e+17,0.25,15.0
471,2.7583531136228557e+17,0.25,13.0
472,2.7583532397038387e+17,0.25,21.0
473,2.7583640609241498e+17,0.5,23.0
474,2.75839576977834e+17,0.25,18.0
475,2.7584518896919347e+17,0.5,23.0
476,2.7584664019417088e+17,0.5,5.0
477,2.7585124133728256e+17,0.25,11.0
478,2.7585594316464947e+17,0.75,6.0
479,2.7585645487813018e+17,0.25,11.0
480,2.7585694141319168e+17,0.25,11.0
481,2.758574866727035e+17,0.25,13.0
482,2.75858384262144e+17,0.25,15.0
483,2.7586058205648486e+17,0.25,15.0
484,2.7586061142499738e+17,0.25,18.0
485,2.758607414610002e+17,0.5,1.0
486,2.758640507584594e+17,0.25,15.0
487,2.758660346558587e+17,0.75,6.0
488,2.7586604302351974e+17,0.75,6.0
489,2.758775018955735e+17,0.75,23.0
490,2.7587806392394957e+17,0.75,12.0
491,2.7588146548350566e+17,0.5,13.0
492,2.7588165005386957e+17,0.25,11.0
493,2.7588394013965517e+17,0.25,18.0
494,2.758886419712164e+17,0.25,21.0
495,2.7588869227769446e+17,0.25,13.0
496,2.7588922916539187e+17,0.75,6.0
497,2.7588969470375526e+17,0.25,15.0
498,2.758900889976914e+17,0.25,18.0
499,2.7589059228483174e+17,0.25,15.0
500,2.7589146050573107e+17,0.5,23.0
501,2.7589254684307866e+17,0.5,16.0
502,2.758943965478994e+17,0.5,23.0
503,2.75898683109802e+17,0.25,15.0
504,2.7589881734852608e+17,0.25,18.0
505,2.7589910673033626e+17,0.75,14.0
506,2.7589926191536947e+17,0.25,15.0
507,3.2468135366270976e+17,0.25,11.0
508,3.246945657538519e+17,0.25,11.0
509,3.246949935518843e+17,0.75,14.0
510,3.247005845717115e+17,0.75,13.0
511,3.247027236751442e+17,1.0,6.0
512,3.247050179258614e+17,0.25,4.0
513,3.247061629834486e+17,0.5,16.0
514,3.247076351967437e+17,0.25,21.0
515,3.247079875014943e+17,0.25,21.0
516,3.2470810493782016e+17,0.25,15.0
517,3.247091661218775e+17,1.0,6.0
518,3.247093296661832e+17,0.25,15.0
519,3.247116407444603e+17,0.5,7.0
520,3.2471286127855616e+17,0.25,4.0
521,3.247131590909215e+17,0.25,15.0
522,3.247132220096512e+17,0.25,18.0
523,3.247133813764342e+17,0.25,4.0
524,3.2471371273066086e+17,0.25,13.0
525,3.247155666256118e+17,0.25,18.0
526,3.247167326379213e+17,0.25,15.0
527,3.247168165239931e+17,0.25,4.0
528,3.247175714777375e+17,0.25,18.0
529,3.247177057164575e+17,0.5,10.0
530,3.247187039482143e+17,0.75,12.0
531,3.247188675302687e+17,0.25,4.0
532,3.2472011742447206e+17,0.25,11.0
533,3.247201425860895e+17,0.25,15.0
534,3.247206165466317e+17,0.75,12.0
535,3.247210569527501e+17,0.5,13.0
536,3.247214638044447e+17,0.25,18.0
537,3.2472191677669376e+17,0.5,7.0
538,3.247246766371062e+17,0.25,4.0
539,3.2472571262600806e+17,0.25,18.0
540,3.247260355832095e+17,0.25,18.0
541,3.247262117649613e+17,0.5,7.0
542,3.247269960998175e+17,0.5,7.0
543,3.2472717644650086e+17,0.5,7.0
544,3.247271806617641e+17,0.25,18.0
545,3.247280614446367e+17,0.5,7.0
546,3.247280866188493e+17,0.25,15.0
547,3.247283844144374e+17,0.5,7.0
548,3.2472861930385e+17,0.25,18.0
549,3.247286570525942e+17,0.75,22.0
550,3.24729151967871e+17,0.5,8.0
551,3.247299992214692e+17,0.25,15.0
552,3.2473069547175526e+17,0.25,4.0
553,3.247308716408873e+17,0.25,15.0
554,3.2473163917756416e+17,0.5,13.0
555,3.247319411674358e+17,0.5,13.0
556,3.247319747260662e+17,0.25,15.0
557,3.247322347813028e+17,0.5,1.0
558,3.247325157954847e+17,0.25,11.0
559,3.247335476152238e+17,0.25,15.0
560,3.2473355596609946e+17,0.25,11.0
561,3.247337489082614e+17,0.25,3.0
562,3.2473402574073446e+17,0.25,18.0
563,3.247340886720799e+17,0.5,13.0
564,3.247345500538798e+17,0.25,18.0
565,3.247345584257188e+17,0.5,13.0
566,3.247345877690696e+17,0.25,18.0
567,3.2473461714179686e+17,0.5,7.0
568,3.247346171585782e+17,0.5,13.0
569,3.247347178092831e+17,0.5,7.0
570,3.24734818485162e+17,0.25,18.0
571,3.247349484960031e+17,0.5,7.0
572,3.247354643869983e+17,0.5,13.0
573,3.247355608685773e+17,0.5,13.0
574,3.247356657219912e+17,0.25,11.0
575,3.2473586285008486e+17,0.5,13.0
576,3.2473600964653466e+17,0.25,3.0
577,3.247361187151954e+17,0.25,18.0
578,3.247369072527442e+17,0.25,15.0
579,3.247369701547213e+17,0.5,1.0
580,3.247370246764667e+17,0.75,13.0
581,3.2473712112449126e+17,0.5,16.0
582,3.247373056864461e+17,0.25,18.0
583,3.2473775867129446e+17,0.25,15.0
584,3.247387736970486e+17,0.25,18.0
585,3.2473879465599386e+17,0.5,7.0
586,3.247388449876214e+17,0.25,15.0
587,3.247388449960141e+17,0.25,15.0
588,3.2473889112079155e+17,0.25,18.0
589,3.247389372958638e+17,0.75,6.0
590,3.247390127807529e+17,0.25,18.0
591,3.247391470026916e+17,0.25,11.0
592,3.247391595814175e+17,0.5,13.0
593,3.247395664079135e+17,0.5,13.0
594,3.247398013141033e+17,0.25,11.0
595,3.247400403768484e+17,0.25,18.0
596,3.2474028783661466e+17,0.25,18.0
597,3.247405479086039e+17,0.25,18.0
598,3.247406359805993e+17,0.25,15.0
599,3.247406779236352e+17,0.25,18.0
600,3.247407744010363e+17,0.5,13.0
601,3.247409673264456e+17,0.5,13.0
602,3.247411015231816e+17,0.25,18.0
603,3.247414790315213e+17,0.25,18.0
604,3.247415754963108e+17,0.5,13.0
605,3.247417558513828e+17,0.25,21.0
606,3.247423892080722e+17,0.25,11.0
607,3.247425821250724e+17,0.25,18.0
608,3.24742716359594e+17,0.25,18.0
609,3.247429134834934e+17,0.25,18.0
610,3.247429302648832e+17,0.5,13.0
611,3.247430476844319e+17,0.75,19.0
612,3.247431190127657e+17,0.25,4.0
613,3.247434713343017e+17,0.25,15.0
614,3.247435468317901e+17,0.25,13.0
615,3.247441256163656e+17,0.25,11.0
616,3.2474427661132595e+17,0.25,18.0
617,3.2474453246386176e+17,0.25,15.0
618,3.247448093130752e+17,0.25,18.0
619,3.2474505256175616e+17,0.25,13.0
620,3.247450525743432e+17,0.25,18.0
621,3.247451028975862e+17,0.25,18.0
622,3.247454468221174e+17,0.5,7.0
623,3.2474583688821146e+17,0.75,7.0
624,3.2474584528522035e+17,0.25,15.0
625,3.2474625212430746e+17,0.25,18.0
626,3.2474652896516096e+17,0.5,13.0
627,3.780297842042061e+17,0.75,13.0
628,3.780384580248658e+17,0.25,18.0
629,3.7804253486319206e+17,0.25,4.0
630,3.780462719964406e+17,0.75,6.0
631,3.780477106595021e+17,0.25,1.0
632,3.780546522158244e+17,0.75,12.0
633,3.780549793803346e+17,0.5,8.0
634,3.7805655641307955e+17,0.75,20.0
635,3.780569716869325e+17,0.75,19.0
636,3.780572610817147e+17,0.5,12.0
637,3.780598405698806e+17,0.75,1.0
638,3.7806180768169574e+17,0.25,11.0
639,3.780666898850775e+17,0.25,15.0
640,3.780671428447478e+17,0.75,10.0
641,3.780693658556211e+17,0.75,8.0
642,3.7806973491625165e+17,0.5,23.0
643,3.7807120293103206e+17,0.75,1.0
644,3.78072872280789e+17,0.75,13.0
645,3.780735517496484e+17,0.5,1.0
646,3.7807906725523866e+17,0.25,15.0
647,3.7807965025090765e+17,0.5,15.0
648,3.780868057712681e+17,0.25,15.0
649,3.780953495475528e+17,0.75,23.0
650,3.780978199925924e+17,0.5,7.0
651,3.7810192201353216e+17,0.75,2.0
652,3.781019304147108e+17,0.5,13.0
653,3.7810925784282726e+17,0.25,18.0
654,3.781115102054646e+17,0.25,15.0
655,3.781129194995794e+17,0.25,15.0
656,3.781220127426683e+17,0.25,15.0
657,3.781220336974029e+17,0.75,13.0
658,3.781229480640676e+17,0.5,7.0
659,3.781274779287839e+17,0.75,13.0
660,3.781286816772342e+17,0.5,7.0
661,3.781300112929792e+17,0.5,1.0
662,3.781334464107848e+17,0.5,7.0
663,3.781335512725627e+17,0.25,15.0
664,3.781347047107666e+17,0.5,7.0
665,3.781375820074967e+17,0.25,11.0
666,3.781376952407327e+17,0.25,11.0
667,3.781398469354578e+17,0.75,6.0
668,3.7814152462391296e+17,0.75,6.0
669,3.781435505100882e+17,0.25,4.0
670,3.781474427864392e+17,0.75,13.0
671,3.781508527937495e+17,0.5,7.0
672,3.781515448493056e+17,0.5,5.0
673,3.781515783995597e+17,0.5,7.0
674,3.781580795791278e+17,1.0,6.0
675,3.781599712106496e+17,0.5,15.0
676,3.7816138046283366e+17,0.25,15.0
677,3.781648701577216e+17,0.25,11.0
678,3.781705785882911e+17,0.75,6.0
679,3.781726128051528e+17,0.25,7.0
680,3.781731161254134e+17,0.5,16.0
681,3.7817427794764595e+17,0.5,1.0
682,3.781756914490696e+17,0.5,1.0
683,3.7817635831862886e+17,0.25,15.0
684,3.7817861904808755e+17,0.25,18.0
685,3.781786610204959e+17,0.5,13.0
686,3.781798773686313e+17,0.5,4.0
687,3.781813327921152e+17,0.25,15.0
688,3.781830314600694e+17,0.5,7.0
689,3.781836270512374e+17,0.25,18.0
690,3.781842142747689e+17,0.5,4.0
691,3.781844533626798e+17,0.5,7.0
692,3.781844911118418e+17,0.25,11.0
693,3.781869657260073e+17,0.5,7.0
694,3.781896417083515e+17,0.25,21.0
695,3.78191675941589e+17,0.5,7.0
696,3.781954340337828e+17,0.25,18.0
697,3.781956688980214e+17,0.25,11.0
698,3.781977325081846e+17,0.25,11.0
699,3.781984791110738e+17,0.25,15.0
700,3.781989865970934e+17,0.5,7.0
701,3.7820195196963226e+17,0.5,7.0
702,3.782032312620933e+17,0.75,13.0
703,3.782068089988219e+17,0.5,9.0
704,3.782081050219766e+17,0.75,8.0
705,3.782113388513444e+17,0.75,23.0
706,3.782127858862244e+17,0.5,13.0
707,3.782133772621087e+17,0.75,12.0
708,3.78213784101204e+17,0.75,12.0
709,3.782141280383181e+17,0.75,12.0
710,3.782159190313083e+17,0.25,11.0
711,3.7821645167017165e+17,0.25,1.0
712,3.7821912764030566e+17,0.5,13.0
713,3.7821913603311206e+17,0.75,6.0
714,3.782203733653627e+17,0.5,4.0
715,3.782205536994632e+17,1.0,6.0
716,3.782209144431575e+17,0.75,19.0
717,3.782218707318907e+17,0.75,6.0
718,3.78222998995882e+17,0.5,13.0
719,3.782230828693791e+17,0.75,12.0
720,3.782247480160584e+17,0.5,7.0
721,3.782261237645476e+17,0.5,13.0
722,3.791032827459912e+17,0.5,7.0
723,3.79105400856916e+17,0.5,7.0
724,3.791101026637005e+17,0.5,7.0
725,3.791117216650568e+17,0.5,7.0
726,3.791192840199414e+17,0.25,18.0
727,3.791208988353495e+17,0.25,11.0
728,3.791229917808886e+17,0.25,3.0
729,3.791262591432868e+17,0.5,7.0
730,3.791403855549645e+17,0.25,18.0
731,3.791444162936955e+17,0.5,7.0
732,3.791577499907195e+17,0.25,17.0
733,3.791677659760886e+17,0.25,15.0
734,3.792113951388508e+17,0.25,23.0
735,3.7921392428701286e+17,0.25,18.0
736,3.79217170670293e+17,0.25,7.0
737,3.792181437530358e+17,0.5,7.0
738,3.792222373937193e+17,0.5,1.0
739,3.792251021155574e+17,0.25,15.0
740,3.79226196841472e+17,0.25,7.0
741,3.792284995059958e+17,0.75,6.0
742,3.792288140704072e+17,0.25,11.0
743,3.792311628768543e+17,0.25,15.0
744,3.792351935862088e+17,0.25,21.0
745,3.792445091731251e+17,0.25,7.0
746,3.792446224147579e+17,0.25,11.0
747,3.792449034037494e+17,0.25,17.0
748,3.7924572128885146e+17,0.5,1.0
749,3.792484643930235e+17,0.5,7.0
750,3.792515346319565e+17,0.5,7.0
751,3.79254877488042e+17,0.75,19.0
752,3.792648682865992e+17,0.25,1.0
753,3.792660385267753e+17,0.25,15.0
754,3.792698176034775e+17,0.25,15.0
755,3.7927732537788826e+17,0.25,15.0
756,3.7928199783673856e+17,0.25,23.0
757,3.792845815489495e+17,0.25,1.0
758,3.792873749470413e+17,0.75,13.0
759,3.792877901663478e+17,0.75,8.0
760,3.792880753874207e+17,0.5,5.0
761,3.792884738630656e+17,0.75,14.0
762,3.792885619392553e+17,0.25,11.0
763,3.792908142683382e+17,0.25,15.0
764,3.792956251555758e+17,0.25,11.0
765,3.793029400007926e+17,0.25,18.0
766,3.793035146078495e+17,0.25,15.0
767,3.793062535013417e+17,0.5,23.0
768,3.7931334606064435e+17,0.5,13.0
769,3.793143778761892e+17,0.25,11.0
770,3.793155564798075e+17,0.25,11.0
771,3.7932520754394726e+17,0.25,11.0
772,3.793257444400415e+17,0.5,1.0
773,3.793341833922519e+17,0.5,5.0
774,3.793418799275049e+17,0.25,11.0
775,3.793475338283254e+17,0.75,19.0
776,3.79356052493312e+17,0.25,11.0
777,3.793579902617559e+17,0.5,13.0
778,3.793588081342546e+17,0.75,19.0
779,3.793613372789883e+17,0.75,6.0
780,3.793620167936041e+17,0.25,11.0
781,3.793630989156475e+17,0.25,11.0
782,3.7936624042838426e+17,0.25,15.0
783,3.793670247842038e+17,0.25,11.0
784,3.793676665001083e+17,0.25,11.0
785,3.793702963371131e+17,0.25,11.0
786,3.793704641218765e+17,0.5,13.0
787,3.793706822172713e+17,0.75,6.0
788,3.7937103031515955e+17,0.75,13.0
789,3.7937354690174976e+17,0.75,8.0
790,3.793779257677005e+17,0.25,15.0
791,3.793782277747548e+17,0.5,7.0
792,3.793796664122491e+17,0.25,11.0
793,3.793807988827095e+17,0.5,7.0
794,3.793858655977759e+17,0.25,15.0
795,3.7938595784308326e+17,0.25,15.0
796,3.793879669482578e+17,0.75,6.0
797,3.793889777755136e+17,0.25,18.0
798,3.793889987428434e+17,0.25,4.0
799,3.793917082716201e+17,0.5,7.0
800,3.793969511138591e+17,0.5,13.0
801,3.793992831636644e+17,0.75,10.0
802,3.794105868175278e+17,0.75,10.0
803,3.794126126533878e+17,0.75,8.0
804,3.794158506606879e+17,0.25,15.0
805,3.7941637915098726e+17,0.25,15.0
806,3.794229809980457e+17,0.25,15.0
807,3.794255059732562e+17,0.25,15.0
808,3.794262399474811e+17,0.75,13.0
809,3.794283790505206e+17,0.25,11.0
810,3.962639797621965e+17,0.25,11.0
811,3.963130824665416e+17,0.75,14.0
812,3.96314030383444e+17,0.75,10.0
813,3.9631510831119974e+17,1.0,14.0
814,3.963156200502231e+17,1.0,14.0
815,3.963171467513078e+17,0.25,4.0
816,3.96317331330433e+17,0.75,8.0
817,3.963174067985531e+17,0.5,20.0
818,3.9631767103512986e+17,0.75,7.0
819,3.9631772555688755e+17,0.75,7.0
820,3.963182162992292e+17,0.75,14.0
821,3.9631831275945574e+17,0.75,20.0
822,3.963184302293156e+17,0.25,15.0
823,3.963184847598715e+17,0.25,15.0
824,3.963188286756168e+17,0.75,7.0
825,3.96319063577985e+17,0.25,15.0
826,3.9631924810182246e+17,0.25,15.0
827,3.963193823450972e+17,0.75,7.0
828,3.963194410318111e+17,0.5,7.0
829,3.963196926942331e+17,0.25,20.0
830,3.9631985627590656e+17,0.25,4.0
831,3.963200869500191e+17,0.5,16.0
832,3.9632009953713766e+17,0.25,15.0
833,3.963203050832118e+17,0.25,18.0
834,3.963204225073152e+17,0.25,15.0
835,3.96320472864129e+17,0.25,15.0
836,3.96320976155476e+17,0.25,15.0
837,3.963209929364603e+17,0.25,15.0
838,3.963211355386061e+17,0.5,15.0
839,3.9632139558127206e+17,0.5,16.0
840,3.963216849924342e+17,0.25,15.0
841,3.963216933688566e+17,0.25,18.0
842,3.963217898588365e+17,0.25,15.0
843,3.963221086259364e+17,0.5,16.0
844,3.963221421841695e+17,0.75,1.0
845,3.963226916299776e+17,0.25,15.0
846,3.963230565344215e+17,0.25,21.0
847,3.9632368567126426e+17,0.5,16.0
848,3.963238115217367e+17,0.25,15.0
849,3.963239834756096e+17,0.25,18.0
850,3.963240212117627e+17,0.75,20.0
851,3.963240547745997e+17,0.5,8.0
852,3.963244322787164e+17,0.25,18.0
853,3.963244700228649e+17,0.5,14.0
854,3.963245706823721e+17,0.5,14.0
855,3.9632480136032256e+17,0.75,7.0
856,3.9632480555462246e+17,0.25,15.0
857,3.963249565373686e+17,0.75,7.0
858,3.963250152739963e+17,0.25,15.0
859,3.9632505720446566e+17,0.25,3.0
860,3.963251075696722e+17,0.25,18.0
861,3.963251159498834e+17,0.25,15.0
862,3.963251746411725e+17,0.25,15.0
863,3.963251746575524e+17,0.25,15.0
864,3.963251998279885e+17,0.25,15.0
865,3.96325208203989e+17,0.25,15.0
866,3.963252333945815e+17,0.75,7.0
867,3.963255185737032e+17,0.25,15.0
868,3.963255353761014e+17,0.5,15.0
869,3.963255730996511e+17,0.25,15.0
870,3.963256612139827e+17,0.25,15.0
871,3.9632574087182746e+17,0.25,15.0
872,3.963257744556278e+17,0.25,15.0
873,3.963257870431068e+17,0.25,15.0
874,3.9632591287185e+17,0.25,3.0
875,3.9632632389265e+17,0.25,18.0
876,3.9632632807439974e+17,0.25,15.0
877,3.963264539328512e+17,0.25,11.0
878,3.963265839353078e+17,0.25,18.0
879,3.963266091183227e+17,0.75,14.0
880,3.963267013929943e+17,0.25,18.0
881,3.963267055995085e+17,0.5,7.0
882,3.9632672234776166e+17,0.75,13.0
883,3.963267475383337e+17,0.5,7.0
884,3.963268691693527e+17,0.25,15.0
885,3.963272214947021e+17,0.25,15.0
886,3.963273389272228e+17,0.25,15.0
887,3.963274311889101e+17,0.75,8.0
888,3.963274521646285e+17,0.25,11.0
889,3.963274899221381e+17,0.75,8.0
890,3.963277164267561e+17,0.25,18.0
891,3.963278757893243e+17,0.5,13.0
892,3.9632792610421555e+17,0.25,15.0
893,3.963280309869855e+17,0.75,1.0
894,3.963281735975076e+17,0.5,13.0
895,3.9632874402705e+17,0.25,9.0
896,3.9632924312866e+17,0.5,4.0
897,3.963292766914642e+17,0.25,11.0
898,3.963293396224205e+17,0.25,15.0
899,3.963295157668086e+17,0.25,15.0
900,3.963296625842176e+17,0.25,15.0
901,3.963296877206692e+17,0.5,13.0
902,3.963299519785861e+17,0.25,4.0
903,3.963304553034752e+17,0.25,18.0
904,3.963306859897979e+17,0.25,3.0
905,3.963309670039716e+17,0.25,15.0
906,3.963310047530926e+17,0.25,15.0
907,3.963311557186888e+17,0.5,7.0
908,3.963312228607099e+17,0.75,7.0
909,3.963314829117358e+17,0.25,1.0
910,3.963316926059643e+17,0.25,15.0
911,3.963317639259136e+17,0.25,15.0
912,3.963318939203748e+17,0.25,15.0
913,3.963319610582098e+17,0.25,1.0
914,3.963319736079647e+17,0.25,15.0
915,3.963322210840863e+17,0.25,13.0
916,3.963324769328292e+17,0.25,3.0
917,3.96332820878336e+17,0.25,13.0
918,3.963328963922043e+17,0.25,11.0
919,3.963331480298619e+17,0.25,11.0
920,3.96333361926783e+17,0.25,15.0
921,3.963333745306542e+17,0.25,18.0
922,3.963337100666061e+17,0.5,13.0
923,3.96334091768832e+17,0.25,15.0
924,3.963344273135616e+17,0.5,7.0
925,3.963346454001787e+17,0.25,18.0
926,3.963347041120584e+17,0.25,15.0
927,3.963347250755707e+17,0.25,21.0
928,3.963348802606244e+17,0.25,3.0
929,3.963349473946747e+17,0.25,7.0
930,3.963353290763182e+17,0.25,7.0
931,3.963353332576543e+17,0.25,4.0
932,3.963354758811812e+17,0.5,7.0
933,3.963354926667735e+17,0.25,15.0
934,3.963356855707935e+17,0.25,1.0
935,3.963357862638715e+17,0.25,4.0
936,3.963358659262628e+17,0.25,15.0
937,3.9633597916790374e+17,0.25,15.0
938,3.9633601272652595e+17,0.25,15.0
939,3.963360798563451e+17,0.25,15.0
940,3.963362434425897e+17,0.25,15.0
941,3.963362979685622e+17,0.25,7.0
942,3.963363944295629e+17,0.25,15.0
