tweet_id,priority,category,postCategories_x,eventID,eventType,positive_sentiment,negative_sentiment,numb_of_questions,tweet_length,userFollowersCount,userFriendsCount,user_list_count,dict_precision,dict_recall,dict_f_measure
1155790457470967808,0.25,Location,18,siberianWildfires2020,Unknown,7.0,50.0,43.0,230.0,3726.0,1013.0,799.0,0.0,0.0,0.0
1155790457470967808,0.25,EmergingThreats,18,siberianWildfires2020,Unknown,7.0,50.0,43.0,230.0,3726.0,1013.0,799.0,0.0,0.0,0.0
1155790457470967808,0.25,MultimediaShare,18,siberianWildfires2020,Unknown,7.0,50.0,43.0,230.0,3726.0,1013.0,799.0,0.0,0.0,0.0
1155790457470967808,0.25,OriginalEvent,18,siberianWildfires2020,Unknown,7.0,50.0,43.0,230.0,3726.0,1013.0,799.0,0.0,0.0,0.0
1155790457470967808,0.25,Location,18,siberianWildfires2020,Unknown,7.0,50.0,43.0,230.0,3726.0,1013.0,799.0,0.0,0.0,0.0
1155790457470967808,0.25,MultimediaShare,18,siberianWildfires2020,Unknown,7.0,50.0,43.0,230.0,3726.0,1013.0,799.0,0.0,0.0,0.0
1155790457470967808,0.25,Factoid,18,siberianWildfires2020,Unknown,7.0,50.0,43.0,230.0,3726.0,1013.0,799.0,0.0,0.0,0.0
1155847346028257280,0.25,Location,18,siberianWildfires2020,Unknown,6.0,53.0,46.0,237.0,1832.0,3371.0,19.0,0.0,0.0,0.0
1155847346028257280,0.25,MultimediaShare,18,siberianWildfires2020,Unknown,6.0,53.0,46.0,237.0,1832.0,3371.0,19.0,0.0,0.0,0.0
1155847346028257280,0.25,OriginalEvent,18,siberianWildfires2020,Unknown,6.0,53.0,46.0,237.0,1832.0,3371.0,19.0,0.0,0.0,0.0
1155847346028257280,0.25,Location,18,siberianWildfires2020,Unknown,6.0,53.0,46.0,237.0,1832.0,3371.0,19.0,0.0,0.0,0.0
1155847346028257280,0.25,Factoid,18,siberianWildfires2020,Unknown,6.0,53.0,46.0,237.0,1832.0,3371.0,19.0,0.0,0.0,0.0
1155878415079288832,0.25,Location,18,siberianWildfires2020,Unknown,9.0,42.0,14.0,58.0,1300.0,29.0,1.0,20.0,11.0,14.0
1155878415079288832,0.25,MultimediaShare,18,siberianWildfires2020,Unknown,9.0,42.0,14.0,58.0,1300.0,29.0,1.0,20.0,11.0,14.0
1155878415079288832,0.25,Factoid,18,siberianWildfires2020,Unknown,9.0,42.0,14.0,58.0,1300.0,29.0,1.0,20.0,11.0,14.0
1155878415079288832,0.25,Hashtags,18,siberianWildfires2020,Unknown,9.0,42.0,14.0,58.0,1300.0,29.0,1.0,20.0,11.0,14.0
1155878415079288832,0.25,OriginalEvent,18,siberianWildfires2020,Unknown,9.0,42.0,14.0,58.0,1300.0,29.0,1.0,20.0,11.0,14.0
1155878415079288832,0.25,News,18,siberianWildfires2020,Unknown,9.0,42.0,14.0,58.0,1300.0,29.0,1.0,20.0,11.0,14.0
1155878415079288832,0.25,Location,18,siberianWildfires2020,Unknown,9.0,42.0,14.0,58.0,1300.0,29.0,1.0,20.0,11.0,14.0
1155878415079288832,0.25,MultimediaShare,18,siberianWildfires2020,Unknown,9.0,42.0,14.0,58.0,1300.0,29.0,1.0,20.0,11.0,14.0
1155901643004829696,0.25,Location,16,siberianWildfires2020,Unknown,4.0,60.0,41.0,216.0,1088.0,2481.0,4.0,10.0,11.0,10.0
1155901643004829696,0.25,EmergingThreats,16,siberianWildfires2020,Unknown,4.0,60.0,41.0,216.0,1088.0,2481.0,4.0,10.0,11.0,10.0
1155901643004829696,0.25,MultimediaShare,16,siberianWildfires2020,Unknown,4.0,60.0,41.0,216.0,1088.0,2481.0,4.0,10.0,11.0,10.0
1155901643004829696,0.25,Factoid,16,siberianWildfires2020,Unknown,4.0,60.0,41.0,216.0,1088.0,2481.0,4.0,10.0,11.0,10.0
1155901643004829696,0.25,Location,16,siberianWildfires2020,Unknown,4.0,60.0,41.0,216.0,1088.0,2481.0,4.0,10.0,11.0,10.0
1155901643004829696,0.25,MultimediaShare,16,siberianWildfires2020,Unknown,4.0,60.0,41.0,216.0,1088.0,2481.0,4.0,10.0,11.0,10.0
1155901643004829696,0.25,News,16,siberianWildfires2020,Unknown,4.0,60.0,41.0,216.0,1088.0,2481.0,4.0,10.0,11.0,10.0
1155903304171266048,0.25,Irrelevant,16,siberianWildfires2020,Unknown,2.0,63.0,17.0,98.0,55.0,101.0,0.0,0.0,0.0,0.0
1155903304171266048,0.25,Location,16,siberianWildfires2020,Unknown,2.0,63.0,17.0,98.0,55.0,101.0,0.0,0.0,0.0,0.0
1155903304171266048,0.25,Factoid,16,siberianWildfires2020,Unknown,2.0,63.0,17.0,98.0,55.0,101.0,0.0,0.0,0.0,0.0
1155903304171266048,0.25,News,16,siberianWildfires2020,Unknown,2.0,63.0,17.0,98.0,55.0,101.0,0.0,0.0,0.0,0.0
1155941846779977728,0.25,Location,18,siberianWildfires2020,Unknown,9.0,42.0,14.0,58.0,3172.0,4016.0,15.0,20.0,11.0,14.0
1155941846779977728,0.25,MultimediaShare,18,siberianWildfires2020,Unknown,9.0,42.0,14.0,58.0,3172.0,4016.0,15.0,20.0,11.0,14.0
1155941846779977728,0.25,Factoid,18,siberianWildfires2020,Unknown,9.0,42.0,14.0,58.0,3172.0,4016.0,15.0,20.0,11.0,14.0
1155941846779977728,0.25,Hashtags,18,siberianWildfires2020,Unknown,9.0,42.0,14.0,58.0,3172.0,4016.0,15.0,20.0,11.0,14.0
1155941846779977728,0.25,OriginalEvent,18,siberianWildfires2020,Unknown,9.0,42.0,14.0,58.0,3172.0,4016.0,15.0,20.0,11.0,14.0
1155941846779977728,0.25,Location,18,siberianWildfires2020,Unknown,9.0,42.0,14.0,58.0,3172.0,4016.0,15.0,20.0,11.0,14.0
1155941846779977728,0.25,MultimediaShare,18,siberianWildfires2020,Unknown,9.0,42.0,14.0,58.0,3172.0,4016.0,15.0,20.0,11.0,14.0
1155941846779977728,0.25,Factoid,18,siberianWildfires2020,Unknown,9.0,42.0,14.0,58.0,3172.0,4016.0,15.0,20.0,11.0,14.0
1155973588433829888,0.25,Irrelevant,12,siberianWildfires2020,Unknown,9.0,42.0,14.0,58.0,2.0,3.0,2.0,20.0,11.0,14.0
1155973588433829888,0.25,Location,12,siberianWildfires2020,Unknown,9.0,42.0,14.0,58.0,2.0,3.0,2.0,20.0,11.0,14.0
1155973588433829888,0.25,Factoid,12,siberianWildfires2020,Unknown,9.0,42.0,14.0,58.0,2.0,3.0,2.0,20.0,11.0,14.0
1156012207466958848,0.25,Irrelevant,20,siberianWildfires2020,Unknown,1.0,67.0,38.0,180.0,938.0,701.0,5.0,10.0,11.0,10.0
1156012207466958848,0.25,Location,20,siberianWildfires2020,Unknown,1.0,67.0,38.0,180.0,938.0,701.0,5.0,10.0,11.0,10.0
1156012207466958848,0.25,MultimediaShare,20,siberianWildfires2020,Unknown,1.0,67.0,38.0,180.0,938.0,701.0,5.0,10.0,11.0,10.0
1156012207466958848,0.25,Factoid,20,siberianWildfires2020,Unknown,1.0,67.0,38.0,180.0,938.0,701.0,5.0,10.0,11.0,10.0
1156012207466958848,0.25,Sentiment,20,siberianWildfires2020,Unknown,1.0,67.0,38.0,180.0,938.0,701.0,5.0,10.0,11.0,10.0
1156142483866304512,0.25,Irrelevant,16,siberianWildfires2020,Unknown,9.0,42.0,14.0,58.0,1870.0,2923.0,6.0,20.0,11.0,14.0
1156142483866304512,0.25,Location,16,siberianWildfires2020,Unknown,9.0,42.0,14.0,58.0,1870.0,2923.0,6.0,20.0,11.0,14.0
1156142483866304512,0.25,MultimediaShare,16,siberianWildfires2020,Unknown,9.0,42.0,14.0,58.0,1870.0,2923.0,6.0,20.0,11.0,14.0
1156142483866304512,0.25,News,16,siberianWildfires2020,Unknown,9.0,42.0,14.0,58.0,1870.0,2923.0,6.0,20.0,11.0,14.0
1156247752847659008,0.25,MultimediaShare,18,siberianWildfires2020,Unknown,10.0,6.0,8.0,65.0,322.0,271.0,1.0,14.0,11.0,12.0
1156247752847659008,0.25,OriginalEvent,18,siberianWildfires2020,Unknown,10.0,6.0,8.0,65.0,322.0,271.0,1.0,14.0,11.0,12.0
1156247752847659008,0.25,News,18,siberianWildfires2020,Unknown,10.0,6.0,8.0,65.0,322.0,271.0,1.0,14.0,11.0,12.0
1156247752847659008,0.25,Location,18,siberianWildfires2020,Unknown,10.0,6.0,8.0,65.0,322.0,271.0,1.0,14.0,11.0,12.0
1156247752847659008,0.25,MultimediaShare,18,siberianWildfires2020,Unknown,10.0,6.0,8.0,65.0,322.0,271.0,1.0,14.0,11.0,12.0
1156247752847659008,0.25,News,18,siberianWildfires2020,Unknown,10.0,6.0,8.0,65.0,322.0,271.0,1.0,14.0,11.0,12.0
1156264852970545152,0.25,Irrelevant,16,siberianWildfires2020,Unknown,10.0,6.0,8.0,65.0,212.0,16.0,25.0,14.0,11.0,12.0
1156264852970545152,0.25,Location,16,siberianWildfires2020,Unknown,10.0,6.0,8.0,65.0,212.0,16.0,25.0,14.0,11.0,12.0
1156264852970545152,0.25,News,16,siberianWildfires2020,Unknown,10.0,6.0,8.0,65.0,212.0,16.0,25.0,14.0,11.0,12.0
1156278028231573504,0.25,Irrelevant,14,siberianWildfires2020,Unknown,7.0,42.0,46.0,244.0,244.0,560.0,1.0,0.0,0.0,0.0
1156278028231573504,0.25,Location,14,siberianWildfires2020,Unknown,7.0,42.0,46.0,244.0,244.0,560.0,1.0,0.0,0.0,0.0
1156278028231573504,0.25,MultimediaShare,14,siberianWildfires2020,Unknown,7.0,42.0,46.0,244.0,244.0,560.0,1.0,0.0,0.0,0.0
1156278028231573504,0.25,Factoid,14,siberianWildfires2020,Unknown,7.0,42.0,46.0,244.0,244.0,560.0,1.0,0.0,0.0,0.0
1156299068466855936,0.25,Irrelevant,16,siberianWildfires2020,Unknown,10.0,6.0,8.0,65.0,941.0,1028.0,24.0,14.0,11.0,12.0
1156299068466855936,0.25,Location,16,siberianWildfires2020,Unknown,10.0,6.0,8.0,65.0,941.0,1028.0,24.0,14.0,11.0,12.0
1156299068466855936,0.25,MultimediaShare,16,siberianWildfires2020,Unknown,10.0,6.0,8.0,65.0,941.0,1028.0,24.0,14.0,11.0,12.0
1156299068466855936,0.25,News,16,siberianWildfires2020,Unknown,10.0,6.0,8.0,65.0,941.0,1028.0,24.0,14.0,11.0,12.0
1156327305708544000,0.25,Location,18,siberianWildfires2020,Unknown,4.0,60.0,17.0,85.0,376117.0,2779.0,4393.0,11.0,11.0,11.0
1156327305708544000,0.25,EmergingThreats,18,siberianWildfires2020,Unknown,4.0,60.0,17.0,85.0,376117.0,2779.0,4393.0,11.0,11.0,11.0
1156327305708544000,0.25,OriginalEvent,18,siberianWildfires2020,Unknown,4.0,60.0,17.0,85.0,376117.0,2779.0,4393.0,11.0,11.0,11.0
1156327305708544000,0.25,News,18,siberianWildfires2020,Unknown,4.0,60.0,17.0,85.0,376117.0,2779.0,4393.0,11.0,11.0,11.0
1156327305708544000,0.25,Location,18,siberianWildfires2020,Unknown,4.0,60.0,17.0,85.0,376117.0,2779.0,4393.0,11.0,11.0,11.0
1156327305708544000,0.25,MultimediaShare,18,siberianWildfires2020,Unknown,4.0,60.0,17.0,85.0,376117.0,2779.0,4393.0,11.0,11.0,11.0
1156327305708544000,0.25,News,18,siberianWildfires2020,Unknown,4.0,60.0,17.0,85.0,376117.0,2779.0,4393.0,11.0,11.0,11.0
1156401211886702592,0.25,Location,16,siberianWildfires2020,Unknown,4.0,60.0,19.0,87.0,29016.0,14290.0,572.0,11.0,11.0,11.0
1156401211886702592,0.25,EmergingThreats,16,siberianWildfires2020,Unknown,4.0,60.0,19.0,87.0,29016.0,14290.0,572.0,11.0,11.0,11.0
1156401211886702592,0.25,MultimediaShare,16,siberianWildfires2020,Unknown,4.0,60.0,19.0,87.0,29016.0,14290.0,572.0,11.0,11.0,11.0
1156401211886702592,0.25,News,16,siberianWildfires2020,Unknown,4.0,60.0,19.0,87.0,29016.0,14290.0,572.0,11.0,11.0,11.0
1156401211886702592,0.25,Location,16,siberianWildfires2020,Unknown,4.0,60.0,19.0,87.0,29016.0,14290.0,572.0,11.0,11.0,11.0
1156401211886702592,0.25,MultimediaShare,16,siberianWildfires2020,Unknown,4.0,60.0,19.0,87.0,29016.0,14290.0,572.0,11.0,11.0,11.0
1156401211886702592,0.25,News,16,siberianWildfires2020,Unknown,4.0,60.0,19.0,87.0,29016.0,14290.0,572.0,11.0,11.0,11.0
1156500883326296064,0.375,Location,18,siberianWildfires2020,Unknown,6.0,54.0,10.0,59.0,4432.0,4899.0,29.0,0.0,0.0,0.0
1156500883326296064,0.375,EmergingThreats,18,siberianWildfires2020,Unknown,6.0,54.0,10.0,59.0,4432.0,4899.0,29.0,0.0,0.0,0.0
1156500883326296064,0.375,MultimediaShare,18,siberianWildfires2020,Unknown,6.0,54.0,10.0,59.0,4432.0,4899.0,29.0,0.0,0.0,0.0
1156500883326296064,0.375,OriginalEvent,18,siberianWildfires2020,Unknown,6.0,54.0,10.0,59.0,4432.0,4899.0,29.0,0.0,0.0,0.0
1156500883326296064,0.375,Location,18,siberianWildfires2020,Unknown,6.0,54.0,10.0,59.0,4432.0,4899.0,29.0,0.0,0.0,0.0
1156500883326296064,0.375,EmergingThreats,18,siberianWildfires2020,Unknown,6.0,54.0,10.0,59.0,4432.0,4899.0,29.0,0.0,0.0,0.0
1156500883326296064,0.375,MultimediaShare,18,siberianWildfires2020,Unknown,6.0,54.0,10.0,59.0,4432.0,4899.0,29.0,0.0,0.0,0.0
1156500883326296064,0.375,News,18,siberianWildfires2020,Unknown,6.0,54.0,10.0,59.0,4432.0,4899.0,29.0,0.0,0.0,0.0
1156547563618820096,0.25,Location,18,siberianWildfires2020,Unknown,4.0,60.0,17.0,85.0,1630.0,4505.0,40.0,11.0,11.0,11.0
1156547563618820096,0.25,MultimediaShare,18,siberianWildfires2020,Unknown,4.0,60.0,17.0,85.0,1630.0,4505.0,40.0,11.0,11.0,11.0
1156547563618820096,0.25,OriginalEvent,18,siberianWildfires2020,Unknown,4.0,60.0,17.0,85.0,1630.0,4505.0,40.0,11.0,11.0,11.0
1156547563618820096,0.25,Location,18,siberianWildfires2020,Unknown,4.0,60.0,17.0,85.0,1630.0,4505.0,40.0,11.0,11.0,11.0
1156547563618820096,0.25,MultimediaShare,18,siberianWildfires2020,Unknown,4.0,60.0,17.0,85.0,1630.0,4505.0,40.0,11.0,11.0,11.0
1156547563618820096,0.25,News,18,siberianWildfires2020,Unknown,4.0,60.0,17.0,85.0,1630.0,4505.0,40.0,11.0,11.0,11.0
1156575721927655424,0.25,Irrelevant,16,siberianWildfires2020,Unknown,3.0,43.0,24.0,126.0,211.0,128.0,22.0,20.0,22.0,21.0
1156575721927655424,0.25,Location,16,siberianWildfires2020,Unknown,3.0,43.0,24.0,126.0,211.0,128.0,22.0,20.0,22.0,21.0
1156575721927655424,0.25,Factoid,16,siberianWildfires2020,Unknown,3.0,43.0,24.0,126.0,211.0,128.0,22.0,20.0,22.0,21.0
1156575721927655424,0.25,News,16,siberianWildfires2020,Unknown,3.0,43.0,24.0,126.0,211.0,128.0,22.0,20.0,22.0,21.0
1156592989889802240,0.25,Irrelevant,16,siberianWildfires2020,Unknown,4.0,46.0,22.0,116.0,1679.0,1454.0,174.0,0.0,0.0,0.0
1156592989889802240,0.25,Location,16,siberianWildfires2020,Unknown,4.0,46.0,22.0,116.0,1679.0,1454.0,174.0,0.0,0.0,0.0
1156592989889802240,0.25,Factoid,16,siberianWildfires2020,Unknown,4.0,46.0,22.0,116.0,1679.0,1454.0,174.0,0.0,0.0,0.0
1156592989889802240,0.25,News,16,siberianWildfires2020,Unknown,4.0,46.0,22.0,116.0,1679.0,1454.0,174.0,0.0,0.0,0.0
1156603582881435648,0.25,Irrelevant,16,siberianWildfires2020,Unknown,10.0,6.0,8.0,65.0,50.0,215.0,1.0,14.0,11.0,12.0
1156603582881435648,0.25,Location,16,siberianWildfires2020,Unknown,10.0,6.0,8.0,65.0,50.0,215.0,1.0,14.0,11.0,12.0
1156603582881435648,0.25,MultimediaShare,16,siberianWildfires2020,Unknown,10.0,6.0,8.0,65.0,50.0,215.0,1.0,14.0,11.0,12.0
1156603582881435648,0.25,News,16,siberianWildfires2020,Unknown,10.0,6.0,8.0,65.0,50.0,215.0,1.0,14.0,11.0,12.0
1156649088722583552,0.25,Location,16,siberianWildfires2020,Unknown,11.0,25.0,5.0,28.0,1556.0,385.0,105.0,0.0,0.0,0.0
1156649088722583552,0.25,MultimediaShare,16,siberianWildfires2020,Unknown,11.0,25.0,5.0,28.0,1556.0,385.0,105.0,0.0,0.0,0.0
1156649088722583552,0.25,Hashtags,16,siberianWildfires2020,Unknown,11.0,25.0,5.0,28.0,1556.0,385.0,105.0,0.0,0.0,0.0
1156649088722583552,0.25,Location,16,siberianWildfires2020,Unknown,11.0,25.0,5.0,28.0,1556.0,385.0,105.0,0.0,0.0,0.0
1156649088722583552,0.25,News,16,siberianWildfires2020,Unknown,11.0,25.0,5.0,28.0,1556.0,385.0,105.0,0.0,0.0,0.0
1156652835444056064,0.25,Location,16,siberianWildfires2020,Unknown,5.0,50.0,34.0,197.0,1636.0,1642.0,15.0,20.0,22.0,21.0
1156652835444056064,0.25,MultimediaShare,16,siberianWildfires2020,Unknown,5.0,50.0,34.0,197.0,1636.0,1642.0,15.0,20.0,22.0,21.0
1156652835444056064,0.25,Location,16,siberianWildfires2020,Unknown,5.0,50.0,34.0,197.0,1636.0,1642.0,15.0,20.0,22.0,21.0
1156652835444056064,0.25,MultimediaShare,16,siberianWildfires2020,Unknown,5.0,50.0,34.0,197.0,1636.0,1642.0,15.0,20.0,22.0,21.0
1156652835444056064,0.25,Factoid,16,siberianWildfires2020,Unknown,5.0,50.0,34.0,197.0,1636.0,1642.0,15.0,20.0,22.0,21.0
1156652835444056064,0.25,News,16,siberianWildfires2020,Unknown,5.0,50.0,34.0,197.0,1636.0,1642.0,15.0,20.0,22.0,21.0
1156732887187767296,0.5,Location,18,siberianWildfires2020,Unknown,4.0,60.0,17.0,85.0,705.0,944.0,20.0,11.0,11.0,11.0
1156732887187767296,0.5,EmergingThreats,18,siberianWildfires2020,Unknown,4.0,60.0,17.0,85.0,705.0,944.0,20.0,11.0,11.0,11.0
1156732887187767296,0.5,MultimediaShare,18,siberianWildfires2020,Unknown,4.0,60.0,17.0,85.0,705.0,944.0,20.0,11.0,11.0,11.0
1156732887187767296,0.5,OriginalEvent,18,siberianWildfires2020,Unknown,4.0,60.0,17.0,85.0,705.0,944.0,20.0,11.0,11.0,11.0
1156732887187767296,0.5,ContextualInformation,18,siberianWildfires2020,Unknown,4.0,60.0,17.0,85.0,705.0,944.0,20.0,11.0,11.0,11.0
1156732887187767296,0.5,Location,18,siberianWildfires2020,Unknown,4.0,60.0,17.0,85.0,705.0,944.0,20.0,11.0,11.0,11.0
1156732887187767296,0.5,EmergingThreats,18,siberianWildfires2020,Unknown,4.0,60.0,17.0,85.0,705.0,944.0,20.0,11.0,11.0,11.0
1156732887187767296,0.5,News,18,siberianWildfires2020,Unknown,4.0,60.0,17.0,85.0,705.0,944.0,20.0,11.0,11.0,11.0
1156745142163988480,0.25,Irrelevant,11,siberianWildfires2020,Unknown,8.0,37.0,17.0,78.0,278.0,1863.0,14.0,0.0,0.0,0.0
1156745142163988480,0.25,Irrelevant,11,siberianWildfires2020,Unknown,8.0,37.0,17.0,78.0,278.0,1863.0,14.0,0.0,0.0,0.0
1156753025677103104,0.375,Location,14,siberianWildfires2020,Unknown,6.0,54.0,10.0,59.0,13.0,102.0,0.0,0.0,0.0,0.0
1156753025677103104,0.375,EmergingThreats,14,siberianWildfires2020,Unknown,6.0,54.0,10.0,59.0,13.0,102.0,0.0,0.0,0.0,0.0
1156753025677103104,0.375,MultimediaShare,14,siberianWildfires2020,Unknown,6.0,54.0,10.0,59.0,13.0,102.0,0.0,0.0,0.0,0.0
1156753025677103104,0.375,Location,14,siberianWildfires2020,Unknown,6.0,54.0,10.0,59.0,13.0,102.0,0.0,0.0,0.0,0.0
1156753025677103104,0.375,MultimediaShare,14,siberianWildfires2020,Unknown,6.0,54.0,10.0,59.0,13.0,102.0,0.0,0.0,0.0,0.0
1156753025677103104,0.375,Factoid,14,siberianWildfires2020,Unknown,6.0,54.0,10.0,59.0,13.0,102.0,0.0,0.0,0.0,0.0
1156753720010575872,0.25,Irrelevant,11,siberianWildfires2020,Unknown,2.0,68.0,38.0,222.0,11741.0,2152.0,530.0,10.0,11.0,10.0
1156753720010575872,0.25,Irrelevant,11,siberianWildfires2020,Unknown,2.0,68.0,38.0,222.0,11741.0,2152.0,530.0,10.0,11.0,10.0
1156755281403154432,0.25,Irrelevant,11,siberianWildfires2020,Unknown,6.0,54.0,37.0,216.0,20738.0,2733.0,794.0,10.0,11.0,10.0
1156755281403154432,0.25,Irrelevant,11,siberianWildfires2020,Unknown,6.0,54.0,37.0,216.0,20738.0,2733.0,794.0,10.0,11.0,10.0
1156774222519103488,0.25,Irrelevant,16,siberianWildfires2020,Unknown,17.0,22.0,20.0,93.0,1866.0,1674.0,170.0,11.0,11.0,11.0
1156774222519103488,0.25,Location,16,siberianWildfires2020,Unknown,17.0,22.0,20.0,93.0,1866.0,1674.0,170.0,11.0,11.0,11.0
1156774222519103488,0.25,MultimediaShare,16,siberianWildfires2020,Unknown,17.0,22.0,20.0,93.0,1866.0,1674.0,170.0,11.0,11.0,11.0
1156774222519103488,0.25,Factoid,16,siberianWildfires2020,Unknown,17.0,22.0,20.0,93.0,1866.0,1674.0,170.0,11.0,11.0,11.0
1156774222519103488,0.25,News,16,siberianWildfires2020,Unknown,17.0,22.0,20.0,93.0,1866.0,1674.0,170.0,11.0,11.0,11.0
1156777035395665920,0.25,Location,16,siberianWildfires2020,Unknown,7.0,52.0,43.0,203.0,372.0,32.0,44.0,0.0,0.0,0.0
1156777035395665920,0.25,EmergingThreats,16,siberianWildfires2020,Unknown,7.0,52.0,43.0,203.0,372.0,32.0,44.0,0.0,0.0,0.0
1156777035395665920,0.25,Factoid,16,siberianWildfires2020,Unknown,7.0,52.0,43.0,203.0,372.0,32.0,44.0,0.0,0.0,0.0
1156777035395665920,0.25,Location,16,siberianWildfires2020,Unknown,7.0,52.0,43.0,203.0,372.0,32.0,44.0,0.0,0.0,0.0
1156777035395665920,0.25,Factoid,16,siberianWildfires2020,Unknown,7.0,52.0,43.0,203.0,372.0,32.0,44.0,0.0,0.0,0.0
1156777035395665920,0.25,News,16,siberianWildfires2020,Unknown,7.0,52.0,43.0,203.0,372.0,32.0,44.0,0.0,0.0,0.0
1156782178346270720,0.25,Irrelevant,11,siberianWildfires2020,Unknown,15.0,14.0,12.0,57.0,52752.0,44134.0,100.0,16.0,11.0,13.0
1156782178346270720,0.25,Irrelevant,11,siberianWildfires2020,Unknown,15.0,14.0,12.0,57.0,52752.0,44134.0,100.0,16.0,11.0,13.0
1156783641722327040,0.25,MultimediaShare,16,siberianWildfires2020,Unknown,17.0,20.0,9.0,50.0,2583.0,2600.0,22.0,0.0,0.0,0.0
1156783641722327040,0.25,News,16,siberianWildfires2020,Unknown,17.0,20.0,9.0,50.0,2583.0,2600.0,22.0,0.0,0.0,0.0
1156783641722327040,0.25,Location,16,siberianWildfires2020,Unknown,17.0,20.0,9.0,50.0,2583.0,2600.0,22.0,0.0,0.0,0.0
1156783641722327040,0.25,MultimediaShare,16,siberianWildfires2020,Unknown,17.0,20.0,9.0,50.0,2583.0,2600.0,22.0,0.0,0.0,0.0
1156783641722327040,0.25,News,16,siberianWildfires2020,Unknown,17.0,20.0,9.0,50.0,2583.0,2600.0,22.0,0.0,0.0,0.0
1156794144813023232,0.25,Location,16,siberianWildfires2020,Unknown,4.0,44.0,11.0,58.0,1387.0,4327.0,11.0,0.0,0.0,0.0
1156794144813023232,0.25,MultimediaShare,16,siberianWildfires2020,Unknown,4.0,44.0,11.0,58.0,1387.0,4327.0,11.0,0.0,0.0,0.0
1156794144813023232,0.25,Location,16,siberianWildfires2020,Unknown,4.0,44.0,11.0,58.0,1387.0,4327.0,11.0,0.0,0.0,0.0
1156794144813023232,0.25,MultimediaShare,16,siberianWildfires2020,Unknown,4.0,44.0,11.0,58.0,1387.0,4327.0,11.0,0.0,0.0,0.0
1156794144813023232,0.25,News,16,siberianWildfires2020,Unknown,4.0,44.0,11.0,58.0,1387.0,4327.0,11.0,0.0,0.0,0.0
1156814072538705920,0.375,Location,16,siberianWildfires2020,Unknown,3.0,68.0,33.0,116.0,1892.0,1031.0,49.0,0.0,0.0,0.0
1156814072538705920,0.375,EmergingThreats,16,siberianWildfires2020,Unknown,3.0,68.0,33.0,116.0,1892.0,1031.0,49.0,0.0,0.0,0.0
1156814072538705920,0.375,Factoid,16,siberianWildfires2020,Unknown,3.0,68.0,33.0,116.0,1892.0,1031.0,49.0,0.0,0.0,0.0
1156814072538705920,0.375,Location,16,siberianWildfires2020,Unknown,3.0,68.0,33.0,116.0,1892.0,1031.0,49.0,0.0,0.0,0.0
1156814072538705920,0.375,EmergingThreats,16,siberianWildfires2020,Unknown,3.0,68.0,33.0,116.0,1892.0,1031.0,49.0,0.0,0.0,0.0
1156814072538705920,0.375,Factoid,16,siberianWildfires2020,Unknown,3.0,68.0,33.0,116.0,1892.0,1031.0,49.0,0.0,0.0,0.0
1156814072538705920,0.375,News,16,siberianWildfires2020,Unknown,3.0,68.0,33.0,116.0,1892.0,1031.0,49.0,0.0,0.0,0.0
1156817376035397632,0.25,Irrelevant,11,siberianWildfires2020,Unknown,25.0,29.0,9.0,62.0,481.0,111.0,2.0,14.0,11.0,12.0
1156817376035397632,0.25,Irrelevant,11,siberianWildfires2020,Unknown,25.0,29.0,9.0,62.0,481.0,111.0,2.0,14.0,11.0,12.0
1156825231102763008,0.25,Irrelevant,11,siberianWildfires2020,Unknown,25.0,29.0,9.0,62.0,2432.0,4946.0,86.0,14.0,11.0,12.0
1156825231102763008,0.25,Irrelevant,11,siberianWildfires2020,Unknown,25.0,29.0,9.0,62.0,2432.0,4946.0,86.0,14.0,11.0,12.0
1156827319836635136,0.25,Irrelevant,11,siberianWildfires2020,Unknown,30.0,28.0,13.0,70.0,16427.0,86.0,386.0,11.0,11.0,11.0
1156827319836635136,0.25,Irrelevant,11,siberianWildfires2020,Unknown,30.0,28.0,13.0,70.0,16427.0,86.0,386.0,11.0,11.0,11.0
1156831051123179520,0.25,Irrelevant,11,siberianWildfires2020,Unknown,7.0,50.0,12.0,78.0,73.0,0.0,0.0,10.0,11.0,10.0
1156831051123179520,0.25,Irrelevant,11,siberianWildfires2020,Unknown,7.0,50.0,12.0,78.0,73.0,0.0,0.0,10.0,11.0,10.0
1156835218982166528,0.25,Irrelevant,11,siberianWildfires2020,Unknown,25.0,29.0,9.0,62.0,32.0,155.0,0.0,14.0,11.0,12.0
1156835218982166528,0.25,Irrelevant,11,siberianWildfires2020,Unknown,25.0,29.0,9.0,62.0,32.0,155.0,0.0,14.0,11.0,12.0
1156848756404424704,0.25,Irrelevant,11,siberianWildfires2020,Unknown,25.0,29.0,9.0,62.0,193.0,469.0,8.0,14.0,11.0,12.0
1156848756404424704,0.25,Irrelevant,11,siberianWildfires2020,Unknown,25.0,29.0,9.0,62.0,193.0,469.0,8.0,14.0,11.0,12.0
1156853125619298304,0.25,Irrelevant,11,siberianWildfires2020,Unknown,30.0,28.0,13.0,70.0,303.0,1465.0,11.0,11.0,11.0,11.0
1156853125619298304,0.25,Irrelevant,11,siberianWildfires2020,Unknown,30.0,28.0,13.0,70.0,303.0,1465.0,11.0,11.0,11.0,11.0
1156859622860427264,0.25,Irrelevant,16,siberianWildfires2020,Unknown,15.0,22.0,13.0,65.0,1317.0,1054.0,342.0,12.0,11.0,11.0
1156859622860427264,0.25,Location,16,siberianWildfires2020,Unknown,15.0,22.0,13.0,65.0,1317.0,1054.0,342.0,12.0,11.0,11.0
1156859622860427264,0.25,News,16,siberianWildfires2020,Unknown,15.0,22.0,13.0,65.0,1317.0,1054.0,342.0,12.0,11.0,11.0
1156877287637360640,0.25,Irrelevant,11,siberianWildfires2020,Unknown,5.0,47.0,11.0,38.0,976.0,699.0,34.0,0.0,0.0,0.0
1156877287637360640,0.25,Irrelevant,11,siberianWildfires2020,Unknown,5.0,47.0,11.0,38.0,976.0,699.0,34.0,0.0,0.0,0.0
1156878492467912704,0.25,Location,16,siberianWildfires2020,Unknown,15.0,22.0,11.0,63.0,37.0,88.0,0.0,12.0,11.0,11.0
1156878492467912704,0.25,Location,16,siberianWildfires2020,Unknown,15.0,22.0,11.0,63.0,37.0,88.0,0.0,12.0,11.0,11.0
1156878492467912704,0.25,News,16,siberianWildfires2020,Unknown,15.0,22.0,11.0,63.0,37.0,88.0,0.0,12.0,11.0,11.0
1156901517879701504,0.25,Location,18,siberianWildfires2020,Unknown,3.0,60.0,12.0,80.0,809.0,728.0,6.0,11.0,11.0,11.0
1156901517879701504,0.25,MultimediaShare,18,siberianWildfires2020,Unknown,3.0,60.0,12.0,80.0,809.0,728.0,6.0,11.0,11.0,11.0
1156901517879701504,0.25,OriginalEvent,18,siberianWildfires2020,Unknown,3.0,60.0,12.0,80.0,809.0,728.0,6.0,11.0,11.0,11.0
1156901517879701504,0.25,Location,18,siberianWildfires2020,Unknown,3.0,60.0,12.0,80.0,809.0,728.0,6.0,11.0,11.0,11.0
1156901517879701504,0.25,MultimediaShare,18,siberianWildfires2020,Unknown,3.0,60.0,12.0,80.0,809.0,728.0,6.0,11.0,11.0,11.0
1156901517879701504,0.25,News,18,siberianWildfires2020,Unknown,3.0,60.0,12.0,80.0,809.0,728.0,6.0,11.0,11.0,11.0
1156901765117349888,0.25,Location,16,siberianWildfires2020,Unknown,2.0,70.0,14.0,82.0,27.0,40.0,0.0,11.0,11.0,11.0
1156901765117349888,0.25,Location,16,siberianWildfires2020,Unknown,2.0,70.0,14.0,82.0,27.0,40.0,0.0,11.0,11.0,11.0
1156901765117349888,0.25,News,16,siberianWildfires2020,Unknown,2.0,70.0,14.0,82.0,27.0,40.0,0.0,11.0,11.0,11.0
1156907220614991872,0.25,Irrelevant,11,siberianWildfires2020,Unknown,2.0,72.0,39.0,225.0,6911.0,1657.0,240.0,10.0,11.0,10.0
1156907220614991872,0.25,Irrelevant,11,siberianWildfires2020,Unknown,2.0,72.0,39.0,225.0,6911.0,1657.0,240.0,10.0,11.0,10.0
1156908409385562112,0.25,Location,16,siberianWildfires2020,Unknown,19.0,19.0,10.0,63.0,119.0,477.0,0.0,0.0,0.0,0.0
1156908409385562112,0.25,Location,16,siberianWildfires2020,Unknown,19.0,19.0,10.0,63.0,119.0,477.0,0.0,0.0,0.0,0.0
1156908409385562112,0.25,News,16,siberianWildfires2020,Unknown,19.0,19.0,10.0,63.0,119.0,477.0,0.0,0.0,0.0,0.0
1156917076336041984,0.25,Irrelevant,11,siberianWildfires2020,Unknown,4.0,64.0,13.0,74.0,725.0,45.0,2.0,0.0,0.0,0.0
1156917076336041984,0.25,Irrelevant,11,siberianWildfires2020,Unknown,4.0,64.0,13.0,74.0,725.0,45.0,2.0,0.0,0.0,0.0
1156919585632903168,0.25,Irrelevant,11,siberianWildfires2020,Unknown,42.0,13.0,10.0,52.0,385.0,611.0,3.0,0.0,0.0,0.0
1156919585632903168,0.25,Irrelevant,11,siberianWildfires2020,Unknown,42.0,13.0,10.0,52.0,385.0,611.0,3.0,0.0,0.0,0.0
1156927604714164224,0.25,Irrelevant,11,siberianWildfires2020,Unknown,30.0,28.0,13.0,70.0,3670.0,19.0,26.0,11.0,11.0,11.0
1156927604714164224,0.25,Irrelevant,11,siberianWildfires2020,Unknown,30.0,28.0,13.0,70.0,3670.0,19.0,26.0,11.0,11.0,11.0
1156939480923852800,0.375,Location,12,siberianWildfires2020,Unknown,6.0,52.0,40.0,198.0,1518.0,1522.0,0.0,0.0,0.0,0.0
1156939480923852800,0.375,EmergingThreats,12,siberianWildfires2020,Unknown,6.0,52.0,40.0,198.0,1518.0,1522.0,0.0,0.0,0.0,0.0
1156939480923852800,0.375,Location,12,siberianWildfires2020,Unknown,6.0,52.0,40.0,198.0,1518.0,1522.0,0.0,0.0,0.0,0.0
1156939480923852800,0.375,EmergingThreats,12,siberianWildfires2020,Unknown,6.0,52.0,40.0,198.0,1518.0,1522.0,0.0,0.0,0.0,0.0
1156939480923852800,0.375,Factoid,12,siberianWildfires2020,Unknown,6.0,52.0,40.0,198.0,1518.0,1522.0,0.0,0.0,0.0,0.0
1156942687205044224,0.25,Irrelevant,11,siberianWildfires2020,Unknown,4.0,60.0,26.0,167.0,8737521.0,370.0,38650.0,10.0,11.0,10.0
1156942687205044224,0.25,Irrelevant,11,siberianWildfires2020,Unknown,4.0,60.0,26.0,167.0,8737521.0,370.0,38650.0,10.0,11.0,10.0
1156945179905069056,0.25,Location,12,siberianWildfires2020,Unknown,3.0,55.0,51.0,224.0,2161.0,3163.0,134.0,0.0,0.0,0.0
1156945179905069056,0.25,Factoid,12,siberianWildfires2020,Unknown,3.0,55.0,51.0,224.0,2161.0,3163.0,134.0,0.0,0.0,0.0
1156945179905069056,0.25,Irrelevant,12,siberianWildfires2020,Unknown,3.0,55.0,51.0,224.0,2161.0,3163.0,134.0,0.0,0.0,0.0
1156958082569777152,0.25,Irrelevant,11,siberianWildfires2020,Unknown,19.0,30.0,11.0,57.0,448.0,1583.0,7.0,0.0,0.0,0.0
1156958082569777152,0.25,Irrelevant,11,siberianWildfires2020,Unknown,19.0,30.0,11.0,57.0,448.0,1583.0,7.0,0.0,0.0,0.0
1156966179929563136,0.25,Irrelevant,11,siberianWildfires2020,Unknown,30.0,28.0,13.0,70.0,13051.0,13384.0,59.0,11.0,11.0,11.0
1156966179929563136,0.25,Irrelevant,11,siberianWildfires2020,Unknown,30.0,28.0,13.0,70.0,13051.0,13384.0,59.0,11.0,11.0,11.0
1156981846682603520,0.25,Location,16,siberianWildfires2020,Unknown,4.0,44.0,11.0,58.0,98.0,57.0,9.0,0.0,0.0,0.0
1156981846682603520,0.25,MultimediaShare,16,siberianWildfires2020,Unknown,4.0,44.0,11.0,58.0,98.0,57.0,9.0,0.0,0.0,0.0
1156981846682603520,0.25,Location,16,siberianWildfires2020,Unknown,4.0,44.0,11.0,58.0,98.0,57.0,9.0,0.0,0.0,0.0
1156981846682603520,0.25,MultimediaShare,16,siberianWildfires2020,Unknown,4.0,44.0,11.0,58.0,98.0,57.0,9.0,0.0,0.0,0.0
1156981846682603520,0.25,News,16,siberianWildfires2020,Unknown,4.0,44.0,11.0,58.0,98.0,57.0,9.0,0.0,0.0,0.0
1157027189063376896,0.25,Irrelevant,16,siberianWildfires2020,Unknown,8.0,42.0,11.0,63.0,163.0,2172.0,5.0,0.0,0.0,0.0
1157027189063376896,0.25,Location,16,siberianWildfires2020,Unknown,8.0,42.0,11.0,63.0,163.0,2172.0,5.0,0.0,0.0,0.0
1157027189063376896,0.25,News,16,siberianWildfires2020,Unknown,8.0,42.0,11.0,63.0,163.0,2172.0,5.0,0.0,0.0,0.0
1157027873242398720,0.25,EmergingThreats,16,siberianWildfires2020,Unknown,2.0,74.0,10.0,71.0,779.0,2949.0,61.0,14.0,11.0,12.0
1157027873242398720,0.25,MultimediaShare,16,siberianWildfires2020,Unknown,2.0,74.0,10.0,71.0,779.0,2949.0,61.0,14.0,11.0,12.0
1157027873242398720,0.25,Location,16,siberianWildfires2020,Unknown,2.0,74.0,10.0,71.0,779.0,2949.0,61.0,14.0,11.0,12.0
1157027873242398720,0.25,MultimediaShare,16,siberianWildfires2020,Unknown,2.0,74.0,10.0,71.0,779.0,2949.0,61.0,14.0,11.0,12.0
1157027873242398720,0.25,News,16,siberianWildfires2020,Unknown,2.0,74.0,10.0,71.0,779.0,2949.0,61.0,14.0,11.0,12.0
1157058066283728896,0.25,ContextualInformation,16,siberianWildfires2020,Unknown,17.0,20.0,9.0,50.0,18.0,7.0,0.0,0.0,0.0,0.0
1157058066283728896,0.25,Location,16,siberianWildfires2020,Unknown,17.0,20.0,9.0,50.0,18.0,7.0,0.0,0.0,0.0,0.0
1157058066283728896,0.25,News,16,siberianWildfires2020,Unknown,17.0,20.0,9.0,50.0,18.0,7.0,0.0,0.0,0.0,0.0
1157059501683404800,0.25,Irrelevant,11,siberianWildfires2020,Unknown,4.0,58.0,25.0,136.0,96.0,9.0,2.0,10.0,11.0,10.0
1157059501683404800,0.25,Irrelevant,11,siberianWildfires2020,Unknown,4.0,58.0,25.0,136.0,96.0,9.0,2.0,10.0,11.0,10.0
1157082393901035520,0.25,Irrelevant,11,siberianWildfires2020,Unknown,4.0,58.0,25.0,136.0,96.0,9.0,2.0,10.0,11.0,10.0
1157082393901035520,0.25,Irrelevant,11,siberianWildfires2020,Unknown,4.0,58.0,25.0,136.0,96.0,9.0,2.0,10.0,11.0,10.0
1157103775858987008,0.25,Location,16,siberianWildfires2020,Unknown,2.0,74.0,10.0,71.0,4918.0,4916.0,3.0,14.0,11.0,12.0
1157103775858987008,0.25,EmergingThreats,16,siberianWildfires2020,Unknown,2.0,74.0,10.0,71.0,4918.0,4916.0,3.0,14.0,11.0,12.0
1157103775858987008,0.25,MultimediaShare,16,siberianWildfires2020,Unknown,2.0,74.0,10.0,71.0,4918.0,4916.0,3.0,14.0,11.0,12.0
1157103775858987008,0.25,Location,16,siberianWildfires2020,Unknown,2.0,74.0,10.0,71.0,4918.0,4916.0,3.0,14.0,11.0,12.0
1157103775858987008,0.25,MultimediaShare,16,siberianWildfires2020,Unknown,2.0,74.0,10.0,71.0,4918.0,4916.0,3.0,14.0,11.0,12.0
1157103775858987008,0.25,News,16,siberianWildfires2020,Unknown,2.0,74.0,10.0,71.0,4918.0,4916.0,3.0,14.0,11.0,12.0
1157117656777969664,0.25,Irrelevant,11,siberianWildfires2020,Unknown,4.0,58.0,25.0,136.0,96.0,9.0,2.0,10.0,11.0,10.0
1157117656777969664,0.25,Irrelevant,11,siberianWildfires2020,Unknown,4.0,58.0,25.0,136.0,96.0,9.0,2.0,10.0,11.0,10.0
1157134128761966592,0.25,Irrelevant,12,siberianWildfires2020,Unknown,1.0,67.0,54.0,220.0,1013.0,1128.0,9.0,0.0,0.0,0.0
1157134128761966592,0.25,Location,12,siberianWildfires2020,Unknown,1.0,67.0,54.0,220.0,1013.0,1128.0,9.0,0.0,0.0,0.0
1157134128761966592,0.25,Factoid,12,siberianWildfires2020,Unknown,1.0,67.0,54.0,220.0,1013.0,1128.0,9.0,0.0,0.0,0.0
1157136409536421888,0.25,Irrelevant,11,siberianWildfires2020,Unknown,7.0,50.0,12.0,78.0,24603.0,24691.0,9.0,10.0,11.0,10.0
1157136409536421888,0.25,Irrelevant,11,siberianWildfires2020,Unknown,7.0,50.0,12.0,78.0,24603.0,24691.0,9.0,10.0,11.0,10.0
1157179091034001408,0.25,MultimediaShare,16,siberianWildfires2020,Unknown,2.0,74.0,10.0,71.0,207.0,523.0,4.0,14.0,11.0,12.0
1157179091034001408,0.25,ContextualInformation,16,siberianWildfires2020,Unknown,2.0,74.0,10.0,71.0,207.0,523.0,4.0,14.0,11.0,12.0
1157179091034001408,0.25,Location,16,siberianWildfires2020,Unknown,2.0,74.0,10.0,71.0,207.0,523.0,4.0,14.0,11.0,12.0
1157179091034001408,0.25,MultimediaShare,16,siberianWildfires2020,Unknown,2.0,74.0,10.0,71.0,207.0,523.0,4.0,14.0,11.0,12.0
1157179091034001408,0.25,News,16,siberianWildfires2020,Unknown,2.0,74.0,10.0,71.0,207.0,523.0,4.0,14.0,11.0,12.0
1157185446390226944,0.25,Location,14,siberianWildfires2020,Unknown,7.0,45.0,17.0,68.0,208470.0,1932.0,833.0,16.0,11.0,13.0
1157185446390226944,0.25,MultimediaShare,14,siberianWildfires2020,Unknown,7.0,45.0,17.0,68.0,208470.0,1932.0,833.0,16.0,11.0,13.0
1157185446390226944,0.25,Location,14,siberianWildfires2020,Unknown,7.0,45.0,17.0,68.0,208470.0,1932.0,833.0,16.0,11.0,13.0
1157185446390226944,0.25,MultimediaShare,14,siberianWildfires2020,Unknown,7.0,45.0,17.0,68.0,208470.0,1932.0,833.0,16.0,11.0,13.0
1157240769062871040,0.25,Irrelevant,11,siberianWildfires2020,Unknown,30.0,28.0,13.0,70.0,108.0,261.0,9.0,11.0,11.0,11.0
1157240769062871040,0.25,Irrelevant,11,siberianWildfires2020,Unknown,30.0,28.0,13.0,70.0,108.0,261.0,9.0,11.0,11.0,11.0
1157243507842723840,0.25,Irrelevant,11,siberianWildfires2020,Unknown,12.0,30.0,14.0,65.0,0.0,27.0,0.0,14.0,11.0,12.0
1157243507842723840,0.25,Irrelevant,11,siberianWildfires2020,Unknown,12.0,30.0,14.0,65.0,0.0,27.0,0.0,14.0,11.0,12.0
1157247556231016448,0.25,EmergingThreats,16,siberianWildfires2020,Unknown,6.0,54.0,10.0,59.0,153.0,355.0,3.0,0.0,0.0,0.0
1157247556231016448,0.25,MultimediaShare,16,siberianWildfires2020,Unknown,6.0,54.0,10.0,59.0,153.0,355.0,3.0,0.0,0.0,0.0
1157247556231016448,0.25,Factoid,16,siberianWildfires2020,Unknown,6.0,54.0,10.0,59.0,153.0,355.0,3.0,0.0,0.0,0.0
1157247556231016448,0.25,Location,16,siberianWildfires2020,Unknown,6.0,54.0,10.0,59.0,153.0,355.0,3.0,0.0,0.0,0.0
1157247556231016448,0.25,MultimediaShare,16,siberianWildfires2020,Unknown,6.0,54.0,10.0,59.0,153.0,355.0,3.0,0.0,0.0,0.0
1157247556231016448,0.25,Factoid,16,siberianWildfires2020,Unknown,6.0,54.0,10.0,59.0,153.0,355.0,3.0,0.0,0.0,0.0
1157247556231016448,0.25,News,16,siberianWildfires2020,Unknown,6.0,54.0,10.0,59.0,153.0,355.0,3.0,0.0,0.0,0.0
1157269372341227520,0.25,ContextualInformation,16,siberianWildfires2020,Unknown,18.0,7.0,8.0,51.0,225.0,3399.0,9.0,0.0,0.0,0.0
1157269372341227520,0.25,Location,16,siberianWildfires2020,Unknown,18.0,7.0,8.0,51.0,225.0,3399.0,9.0,0.0,0.0,0.0
1157269372341227520,0.25,News,16,siberianWildfires2020,Unknown,18.0,7.0,8.0,51.0,225.0,3399.0,9.0,0.0,0.0,0.0
1157310786445959168,0.25,Location,16,siberianWildfires2020,Unknown,8.0,47.0,41.0,199.0,3057.0,3456.0,25.0,0.0,0.0,0.0
1157310786445959168,0.25,EmergingThreats,16,siberianWildfires2020,Unknown,8.0,47.0,41.0,199.0,3057.0,3456.0,25.0,0.0,0.0,0.0
1157310786445959168,0.25,MultimediaShare,16,siberianWildfires2020,Unknown,8.0,47.0,41.0,199.0,3057.0,3456.0,25.0,0.0,0.0,0.0
1157310786445959168,0.25,Factoid,16,siberianWildfires2020,Unknown,8.0,47.0,41.0,199.0,3057.0,3456.0,25.0,0.0,0.0,0.0
1157310786445959168,0.25,Location,16,siberianWildfires2020,Unknown,8.0,47.0,41.0,199.0,3057.0,3456.0,25.0,0.0,0.0,0.0
1157310786445959168,0.25,MultimediaShare,16,siberianWildfires2020,Unknown,8.0,47.0,41.0,199.0,3057.0,3456.0,25.0,0.0,0.0,0.0
1157310786445959168,0.25,Factoid,16,siberianWildfires2020,Unknown,8.0,47.0,41.0,199.0,3057.0,3456.0,25.0,0.0,0.0,0.0
1157310786445959168,0.25,News,16,siberianWildfires2020,Unknown,8.0,47.0,41.0,199.0,3057.0,3456.0,25.0,0.0,0.0,0.0
1157328791934554112,0.375,Location,18,siberianWildfires2020,Unknown,12.0,21.0,9.0,62.0,87.0,154.0,5.0,0.0,0.0,0.0
1157328791934554112,0.375,MultimediaShare,18,siberianWildfires2020,Unknown,12.0,21.0,9.0,62.0,87.0,154.0,5.0,0.0,0.0,0.0
1157328791934554112,0.375,OriginalEvent,18,siberianWildfires2020,Unknown,12.0,21.0,9.0,62.0,87.0,154.0,5.0,0.0,0.0,0.0
1157328791934554112,0.375,Location,18,siberianWildfires2020,Unknown,12.0,21.0,9.0,62.0,87.0,154.0,5.0,0.0,0.0,0.0
1157328791934554112,0.375,MultimediaShare,18,siberianWildfires2020,Unknown,12.0,21.0,9.0,62.0,87.0,154.0,5.0,0.0,0.0,0.0
1157328791934554112,0.375,News,18,siberianWildfires2020,Unknown,12.0,21.0,9.0,62.0,87.0,154.0,5.0,0.0,0.0,0.0
1157333785312186368,0.25,Irrelevant,11,siberianWildfires2020,Unknown,7.0,57.0,11.0,44.0,9.0,21.0,0.0,0.0,0.0,0.0
1157333785312186368,0.25,Irrelevant,11,siberianWildfires2020,Unknown,7.0,57.0,11.0,44.0,9.0,21.0,0.0,0.0,0.0,0.0
1157340302757097472,0.375,EmergingThreats,16,siberianWildfires2020,Unknown,12.0,21.0,9.0,62.0,640.0,1429.0,13.0,0.0,0.0,0.0
1157340302757097472,0.375,MultimediaShare,16,siberianWildfires2020,Unknown,12.0,21.0,9.0,62.0,640.0,1429.0,13.0,0.0,0.0,0.0
1157340302757097472,0.375,ContextualInformation,16,siberianWildfires2020,Unknown,12.0,21.0,9.0,62.0,640.0,1429.0,13.0,0.0,0.0,0.0
1157340302757097472,0.375,Location,16,siberianWildfires2020,Unknown,12.0,21.0,9.0,62.0,640.0,1429.0,13.0,0.0,0.0,0.0
1157340302757097472,0.375,MultimediaShare,16,siberianWildfires2020,Unknown,12.0,21.0,9.0,62.0,640.0,1429.0,13.0,0.0,0.0,0.0
1157340302757097472,0.375,News,16,siberianWildfires2020,Unknown,12.0,21.0,9.0,62.0,640.0,1429.0,13.0,0.0,0.0,0.0
1157343490428362752,0.25,MultimediaShare,16,siberianWildfires2020,Unknown,18.0,7.0,8.0,51.0,118.0,247.0,40.0,0.0,0.0,0.0
1157343490428362752,0.25,ContextualInformation,16,siberianWildfires2020,Unknown,18.0,7.0,8.0,51.0,118.0,247.0,40.0,0.0,0.0,0.0
1157343490428362752,0.25,Location,16,siberianWildfires2020,Unknown,18.0,7.0,8.0,51.0,118.0,247.0,40.0,0.0,0.0,0.0
1157343490428362752,0.25,MultimediaShare,16,siberianWildfires2020,Unknown,18.0,7.0,8.0,51.0,118.0,247.0,40.0,0.0,0.0,0.0
1157343490428362752,0.25,Factoid,16,siberianWildfires2020,Unknown,18.0,7.0,8.0,51.0,118.0,247.0,40.0,0.0,0.0,0.0
1157343490428362752,0.25,News,16,siberianWildfires2020,Unknown,18.0,7.0,8.0,51.0,118.0,247.0,40.0,0.0,0.0,0.0
1157350866543714304,0.25,Location,18,siberianWildfires2020,Unknown,12.0,22.0,14.0,75.0,28.0,42.0,4.0,0.0,0.0,0.0
1157350866543714304,0.25,EmergingThreats,18,siberianWildfires2020,Unknown,12.0,22.0,14.0,75.0,28.0,42.0,4.0,0.0,0.0,0.0
1157350866543714304,0.25,OriginalEvent,18,siberianWildfires2020,Unknown,12.0,22.0,14.0,75.0,28.0,42.0,4.0,0.0,0.0,0.0
1157350866543714304,0.25,ContextualInformation,18,siberianWildfires2020,Unknown,12.0,22.0,14.0,75.0,28.0,42.0,4.0,0.0,0.0,0.0
1157350866543714304,0.25,Location,18,siberianWildfires2020,Unknown,12.0,22.0,14.0,75.0,28.0,42.0,4.0,0.0,0.0,0.0
1157350866543714304,0.25,MultimediaShare,18,siberianWildfires2020,Unknown,12.0,22.0,14.0,75.0,28.0,42.0,4.0,0.0,0.0,0.0
1157350866543714304,0.25,News,18,siberianWildfires2020,Unknown,12.0,22.0,14.0,75.0,28.0,42.0,4.0,0.0,0.0,0.0
1157390071311376384,0.25,Location,16,siberianWildfires2020,Unknown,12.0,21.0,9.0,62.0,14547.0,15440.0,29.0,0.0,0.0,0.0
1157390071311376384,0.25,EmergingThreats,16,siberianWildfires2020,Unknown,12.0,21.0,9.0,62.0,14547.0,15440.0,29.0,0.0,0.0,0.0
1157390071311376384,0.25,ContextualInformation,16,siberianWildfires2020,Unknown,12.0,21.0,9.0,62.0,14547.0,15440.0,29.0,0.0,0.0,0.0
1157390071311376384,0.25,Location,16,siberianWildfires2020,Unknown,12.0,21.0,9.0,62.0,14547.0,15440.0,29.0,0.0,0.0,0.0
1157390071311376384,0.25,News,16,siberianWildfires2020,Unknown,12.0,21.0,9.0,62.0,14547.0,15440.0,29.0,0.0,0.0,0.0
1157393890229571584,0.25,ContextualInformation,16,siberianWildfires2020,Unknown,3.0,26.0,15.0,82.0,70.0,75.0,0.0,20.0,22.0,21.0
1157393890229571584,0.25,Location,16,siberianWildfires2020,Unknown,3.0,26.0,15.0,82.0,70.0,75.0,0.0,20.0,22.0,21.0
1157393890229571584,0.25,News,16,siberianWildfires2020,Unknown,3.0,26.0,15.0,82.0,70.0,75.0,0.0,20.0,22.0,21.0
1157417839172771840,0.25,Irrelevant,11,siberianWildfires2020,Unknown,3.0,52.0,12.0,70.0,18.0,56.0,0.0,0.0,0.0,0.0
1157417839172771840,0.25,Irrelevant,11,siberianWildfires2020,Unknown,3.0,52.0,12.0,70.0,18.0,56.0,0.0,0.0,0.0,0.0
1157422978272903168,0.25,Irrelevant,11,siberianWildfires2020,Unknown,2.0,15.0,48.0,225.0,10016.0,6386.0,394.0,0.0,0.0,0.0
1157422978272903168,0.25,Irrelevant,11,siberianWildfires2020,Unknown,2.0,15.0,48.0,225.0,10016.0,6386.0,394.0,0.0,0.0,0.0
1157423759990505472,0.25,Irrelevant,11,siberianWildfires2020,Unknown,2.0,15.0,48.0,225.0,10016.0,6386.0,394.0,0.0,0.0,0.0
1157423759990505472,0.25,Irrelevant,11,siberianWildfires2020,Unknown,2.0,15.0,48.0,225.0,10016.0,6386.0,394.0,0.0,0.0,0.0
1157429206273396736,0.25,Location,16,siberianWildfires2020,Unknown,12.0,21.0,9.0,62.0,1231.0,3562.0,8.0,0.0,0.0,0.0
1157429206273396736,0.25,EmergingThreats,16,siberianWildfires2020,Unknown,12.0,21.0,9.0,62.0,1231.0,3562.0,8.0,0.0,0.0,0.0
1157429206273396736,0.25,MultimediaShare,16,siberianWildfires2020,Unknown,12.0,21.0,9.0,62.0,1231.0,3562.0,8.0,0.0,0.0,0.0
1157429206273396736,0.25,Location,16,siberianWildfires2020,Unknown,12.0,21.0,9.0,62.0,1231.0,3562.0,8.0,0.0,0.0,0.0
1157429206273396736,0.25,News,16,siberianWildfires2020,Unknown,12.0,21.0,9.0,62.0,1231.0,3562.0,8.0,0.0,0.0,0.0
1157455878649344000,0.25,Irrelevant,11,siberianWildfires2020,Unknown,11.0,46.0,14.0,68.0,1067.0,1417.0,73.0,28.0,22.0,25.0
1157455878649344000,0.25,Irrelevant,11,siberianWildfires2020,Unknown,11.0,46.0,14.0,68.0,1067.0,1417.0,73.0,28.0,22.0,25.0
1157462982458146816,0.25,Irrelevant,11,siberianWildfires2020,Unknown,44.0,16.0,11.0,67.0,298.0,68.0,2.0,0.0,0.0,0.0
1157462982458146816,0.25,Irrelevant,11,siberianWildfires2020,Unknown,44.0,16.0,11.0,67.0,298.0,68.0,2.0,0.0,0.0,0.0
1157502635508813824,0.25,Location,16,siberianWildfires2020,Unknown,12.0,21.0,9.0,62.0,24498.0,13918.0,2445.0,0.0,0.0,0.0
1157502635508813824,0.25,EmergingThreats,16,siberianWildfires2020,Unknown,12.0,21.0,9.0,62.0,24498.0,13918.0,2445.0,0.0,0.0,0.0
1157502635508813824,0.25,MultimediaShare,16,siberianWildfires2020,Unknown,12.0,21.0,9.0,62.0,24498.0,13918.0,2445.0,0.0,0.0,0.0
1157502635508813824,0.25,ContextualInformation,16,siberianWildfires2020,Unknown,12.0,21.0,9.0,62.0,24498.0,13918.0,2445.0,0.0,0.0,0.0
1157502635508813824,0.25,Location,16,siberianWildfires2020,Unknown,12.0,21.0,9.0,62.0,24498.0,13918.0,2445.0,0.0,0.0,0.0
1157502635508813824,0.25,MultimediaShare,16,siberianWildfires2020,Unknown,12.0,21.0,9.0,62.0,24498.0,13918.0,2445.0,0.0,0.0,0.0
1157502635508813824,0.25,News,16,siberianWildfires2020,Unknown,12.0,21.0,9.0,62.0,24498.0,13918.0,2445.0,0.0,0.0,0.0
1157505951127224320,0.25,MultimediaShare,16,siberianWildfires2020,Unknown,2.0,73.0,16.0,90.0,1812.0,656.0,49.0,10.0,11.0,10.0
1157505951127224320,0.25,ContextualInformation,16,siberianWildfires2020,Unknown,2.0,73.0,16.0,90.0,1812.0,656.0,49.0,10.0,11.0,10.0
1157505951127224320,0.25,Location,16,siberianWildfires2020,Unknown,2.0,73.0,16.0,90.0,1812.0,656.0,49.0,10.0,11.0,10.0
1157505951127224320,0.25,MultimediaShare,16,siberianWildfires2020,Unknown,2.0,73.0,16.0,90.0,1812.0,656.0,49.0,10.0,11.0,10.0
1157505951127224320,0.25,News,16,siberianWildfires2020,Unknown,2.0,73.0,16.0,90.0,1812.0,656.0,49.0,10.0,11.0,10.0
1157523910293970944,0.25,EmergingThreats,16,siberianWildfires2020,Unknown,6.0,54.0,10.0,59.0,247.0,276.0,22.0,0.0,0.0,0.0
1157523910293970944,0.25,Location,16,siberianWildfires2020,Unknown,6.0,54.0,10.0,59.0,247.0,276.0,22.0,0.0,0.0,0.0
1157523910293970944,0.25,News,16,siberianWildfires2020,Unknown,6.0,54.0,10.0,59.0,247.0,276.0,22.0,0.0,0.0,0.0
1157586083384823808,0.25,ContextualInformation,16,siberianWildfires2020,Unknown,3.0,26.0,15.0,82.0,6876.0,6373.0,198.0,20.0,22.0,21.0
1157586083384823808,0.25,Location,16,siberianWildfires2020,Unknown,3.0,26.0,15.0,82.0,6876.0,6373.0,198.0,20.0,22.0,21.0
1157586083384823808,0.25,News,16,siberianWildfires2020,Unknown,3.0,26.0,15.0,82.0,6876.0,6373.0,198.0,20.0,22.0,21.0
1157624759544422400,0.25,Irrelevant,11,siberianWildfires2020,Unknown,3.0,52.0,12.0,70.0,32.0,60.0,0.0,0.0,0.0,0.0
1157624759544422400,0.25,Irrelevant,11,siberianWildfires2020,Unknown,3.0,52.0,12.0,70.0,32.0,60.0,0.0,0.0,0.0,0.0
1157628798243868672,0.25,MultimediaShare,14,siberianWildfires2020,Unknown,3.0,50.0,53.0,257.0,122110.0,7059.0,1425.0,0.0,0.0,0.0
1157628798243868672,0.25,Irrelevant,14,siberianWildfires2020,Unknown,3.0,50.0,53.0,257.0,122110.0,7059.0,1425.0,0.0,0.0,0.0
1157644683776073728,0.25,MultimediaShare,16,siberianWildfires2020,Unknown,3.0,65.0,8.0,57.0,2548.0,4998.0,108.0,14.0,11.0,12.0
1157644683776073728,0.25,Factoid,16,siberianWildfires2020,Unknown,3.0,65.0,8.0,57.0,2548.0,4998.0,108.0,14.0,11.0,12.0
1157644683776073728,0.25,Location,16,siberianWildfires2020,Unknown,3.0,65.0,8.0,57.0,2548.0,4998.0,108.0,14.0,11.0,12.0
1157644683776073728,0.25,MultimediaShare,16,siberianWildfires2020,Unknown,3.0,65.0,8.0,57.0,2548.0,4998.0,108.0,14.0,11.0,12.0
1157644683776073728,0.25,Factoid,16,siberianWildfires2020,Unknown,3.0,65.0,8.0,57.0,2548.0,4998.0,108.0,14.0,11.0,12.0
1157644683776073728,0.25,News,16,siberianWildfires2020,Unknown,3.0,65.0,8.0,57.0,2548.0,4998.0,108.0,14.0,11.0,12.0
1157699977784778752,0.25,MultimediaShare,16,siberianWildfires2020,Unknown,3.0,65.0,8.0,57.0,577.0,2352.0,4.0,14.0,11.0,12.0
1157699977784778752,0.25,ContextualInformation,16,siberianWildfires2020,Unknown,3.0,65.0,8.0,57.0,577.0,2352.0,4.0,14.0,11.0,12.0
1157699977784778752,0.25,Location,16,siberianWildfires2020,Unknown,3.0,65.0,8.0,57.0,577.0,2352.0,4.0,14.0,11.0,12.0
1157699977784778752,0.25,MultimediaShare,16,siberianWildfires2020,Unknown,3.0,65.0,8.0,57.0,577.0,2352.0,4.0,14.0,11.0,12.0
1157699977784778752,0.25,Factoid,16,siberianWildfires2020,Unknown,3.0,65.0,8.0,57.0,577.0,2352.0,4.0,14.0,11.0,12.0
1157699977784778752,0.25,News,16,siberianWildfires2020,Unknown,3.0,65.0,8.0,57.0,577.0,2352.0,4.0,14.0,11.0,12.0
1157708445526548480,0.25,Irrelevant,11,siberianWildfires2020,Unknown,2.0,62.0,60.0,285.0,10731.0,3978.0,458.0,0.0,0.0,0.0
1157708445526548480,0.25,Irrelevant,11,siberianWildfires2020,Unknown,2.0,62.0,60.0,285.0,10731.0,3978.0,458.0,0.0,0.0,0.0
1157802533814964224,0.25,MultimediaShare,16,siberianWildfires2020,Unknown,7.0,51.0,10.0,65.0,2304.0,1493.0,86.0,12.0,11.0,11.0
1157802533814964224,0.25,ContextualInformation,16,siberianWildfires2020,Unknown,7.0,51.0,10.0,65.0,2304.0,1493.0,86.0,12.0,11.0,11.0
1157802533814964224,0.25,Location,16,siberianWildfires2020,Unknown,7.0,51.0,10.0,65.0,2304.0,1493.0,86.0,12.0,11.0,11.0
1157802533814964224,0.25,MultimediaShare,16,siberianWildfires2020,Unknown,7.0,51.0,10.0,65.0,2304.0,1493.0,86.0,12.0,11.0,11.0
1157802533814964224,0.25,News,16,siberianWildfires2020,Unknown,7.0,51.0,10.0,65.0,2304.0,1493.0,86.0,12.0,11.0,11.0
1157877748808871936,0.25,Irrelevant,11,siberianWildfires2020,Unknown,31.0,24.0,11.0,58.0,1697.0,1541.0,42.0,0.0,0.0,0.0
1157877748808871936,0.25,Irrelevant,11,siberianWildfires2020,Unknown,31.0,24.0,11.0,58.0,1697.0,1541.0,42.0,0.0,0.0,0.0
1157882281899548672,0.375,EmergingThreats,16,siberianWildfires2020,Unknown,10.0,52.0,9.0,69.0,473.0,4839.0,3.0,12.0,11.0,11.0
1157882281899548672,0.375,MultimediaShare,16,siberianWildfires2020,Unknown,10.0,52.0,9.0,69.0,473.0,4839.0,3.0,12.0,11.0,11.0
1157882281899548672,0.375,ContextualInformation,16,siberianWildfires2020,Unknown,10.0,52.0,9.0,69.0,473.0,4839.0,3.0,12.0,11.0,11.0
1157882281899548672,0.375,Location,16,siberianWildfires2020,Unknown,10.0,52.0,9.0,69.0,473.0,4839.0,3.0,12.0,11.0,11.0
1157882281899548672,0.375,EmergingThreats,16,siberianWildfires2020,Unknown,10.0,52.0,9.0,69.0,473.0,4839.0,3.0,12.0,11.0,11.0
1157882281899548672,0.375,MultimediaShare,16,siberianWildfires2020,Unknown,10.0,52.0,9.0,69.0,473.0,4839.0,3.0,12.0,11.0,11.0
1157882281899548672,0.375,News,16,siberianWildfires2020,Unknown,10.0,52.0,9.0,69.0,473.0,4839.0,3.0,12.0,11.0,11.0
1157907388135018496,0.25,Irrelevant,11,siberianWildfires2020,Unknown,11.0,46.0,12.0,66.0,222.0,448.0,10.0,28.0,22.0,25.0
1157907388135018496,0.25,Irrelevant,11,siberianWildfires2020,Unknown,11.0,46.0,12.0,66.0,222.0,448.0,10.0,28.0,22.0,25.0
1158038130454224896,0.25,MultimediaShare,16,siberianWildfires2020,Unknown,4.0,37.0,17.0,89.0,267944.0,284.0,6707.0,11.0,11.0,11.0
1158038130454224896,0.25,Factoid,16,siberianWildfires2020,Unknown,4.0,37.0,17.0,89.0,267944.0,284.0,6707.0,11.0,11.0,11.0
1158038130454224896,0.25,ContextualInformation,16,siberianWildfires2020,Unknown,4.0,37.0,17.0,89.0,267944.0,284.0,6707.0,11.0,11.0,11.0
1158038130454224896,0.25,Location,16,siberianWildfires2020,Unknown,4.0,37.0,17.0,89.0,267944.0,284.0,6707.0,11.0,11.0,11.0
1158038130454224896,0.25,MultimediaShare,16,siberianWildfires2020,Unknown,4.0,37.0,17.0,89.0,267944.0,284.0,6707.0,11.0,11.0,11.0
1158038130454224896,0.25,Factoid,16,siberianWildfires2020,Unknown,4.0,37.0,17.0,89.0,267944.0,284.0,6707.0,11.0,11.0,11.0
1158038130454224896,0.25,News,16,siberianWildfires2020,Unknown,4.0,37.0,17.0,89.0,267944.0,284.0,6707.0,11.0,11.0,11.0
1158114980052398080,0.25,Location,16,siberianWildfires2020,Unknown,7.0,51.0,10.0,65.0,719.0,2018.0,52.0,12.0,11.0,11.0
1158114980052398080,0.25,MultimediaShare,16,siberianWildfires2020,Unknown,7.0,51.0,10.0,65.0,719.0,2018.0,52.0,12.0,11.0,11.0
1158114980052398080,0.25,Location,16,siberianWildfires2020,Unknown,7.0,51.0,10.0,65.0,719.0,2018.0,52.0,12.0,11.0,11.0
1158114980052398080,0.25,MultimediaShare,16,siberianWildfires2020,Unknown,7.0,51.0,10.0,65.0,719.0,2018.0,52.0,12.0,11.0,11.0
1158114980052398080,0.25,News,16,siberianWildfires2020,Unknown,7.0,51.0,10.0,65.0,719.0,2018.0,52.0,12.0,11.0,11.0
1158128878570881024,0.25,EmergingThreats,16,siberianWildfires2020,Unknown,10.0,52.0,9.0,69.0,9.0,30.0,4.0,12.0,11.0,11.0
1158128878570881024,0.25,MultimediaShare,16,siberianWildfires2020,Unknown,10.0,52.0,9.0,69.0,9.0,30.0,4.0,12.0,11.0,11.0
1158128878570881024,0.25,Location,16,siberianWildfires2020,Unknown,10.0,52.0,9.0,69.0,9.0,30.0,4.0,12.0,11.0,11.0
1158128878570881024,0.25,MultimediaShare,16,siberianWildfires2020,Unknown,10.0,52.0,9.0,69.0,9.0,30.0,4.0,12.0,11.0,11.0
1158128878570881024,0.25,News,16,siberianWildfires2020,Unknown,10.0,52.0,9.0,69.0,9.0,30.0,4.0,12.0,11.0,11.0
1158137874891624448,0.25,Irrelevant,11,siberianWildfires2020,Unknown,35.0,20.0,12.0,59.0,5168.0,4434.0,74.0,0.0,0.0,0.0
1158137874891624448,0.25,Irrelevant,11,siberianWildfires2020,Unknown,35.0,20.0,12.0,59.0,5168.0,4434.0,74.0,0.0,0.0,0.0
1158202926503882752,0.25,Irrelevant,11,siberianWildfires2020,Unknown,14.0,44.0,48.0,236.0,2562.0,2754.0,35.0,0.0,0.0,0.0
1158202926503882752,0.25,Irrelevant,11,siberianWildfires2020,Unknown,14.0,44.0,48.0,236.0,2562.0,2754.0,35.0,0.0,0.0,0.0
1158267169152438272,0.25,Factoid,16,siberianWildfires2020,Unknown,5.0,45.0,17.0,89.0,156.0,4.0,7.0,0.0,0.0,0.0
1158267169152438272,0.25,News,16,siberianWildfires2020,Unknown,5.0,45.0,17.0,89.0,156.0,4.0,7.0,0.0,0.0,0.0
1158267169152438272,0.25,Location,16,siberianWildfires2020,Unknown,5.0,45.0,17.0,89.0,156.0,4.0,7.0,0.0,0.0,0.0
1158267169152438272,0.25,Factoid,16,siberianWildfires2020,Unknown,5.0,45.0,17.0,89.0,156.0,4.0,7.0,0.0,0.0,0.0
1158267169152438272,0.25,News,16,siberianWildfires2020,Unknown,5.0,45.0,17.0,89.0,156.0,4.0,7.0,0.0,0.0,0.0
1158274334609367040,0.25,MultimediaShare,16,siberianWildfires2020,Unknown,11.0,38.0,9.0,57.0,17.0,90.0,0.0,16.0,11.0,13.0
1158274334609367040,0.25,ContextualInformation,16,siberianWildfires2020,Unknown,11.0,38.0,9.0,57.0,17.0,90.0,0.0,16.0,11.0,13.0
1158274334609367040,0.25,Location,16,siberianWildfires2020,Unknown,11.0,38.0,9.0,57.0,17.0,90.0,0.0,16.0,11.0,13.0
1158274334609367040,0.25,MultimediaShare,16,siberianWildfires2020,Unknown,11.0,38.0,9.0,57.0,17.0,90.0,0.0,16.0,11.0,13.0
1158274334609367040,0.25,News,16,siberianWildfires2020,Unknown,11.0,38.0,9.0,57.0,17.0,90.0,0.0,16.0,11.0,13.0
1158320243896307712,0.25,Irrelevant,16,siberianWildfires2020,Unknown,7.0,38.0,14.0,77.0,38543.0,38079.0,226.0,12.0,11.0,11.0
1158320243896307712,0.25,Location,16,siberianWildfires2020,Unknown,7.0,38.0,14.0,77.0,38543.0,38079.0,226.0,12.0,11.0,11.0
1158320243896307712,0.25,News,16,siberianWildfires2020,Unknown,7.0,38.0,14.0,77.0,38543.0,38079.0,226.0,12.0,11.0,11.0
1158393129235390464,0.25,MultimediaShare,16,siberianWildfires2020,Unknown,11.0,38.0,9.0,57.0,2283.0,50.0,258.0,16.0,11.0,13.0
1158393129235390464,0.25,ContextualInformation,16,siberianWildfires2020,Unknown,11.0,38.0,9.0,57.0,2283.0,50.0,258.0,16.0,11.0,13.0
1158393129235390464,0.25,Location,16,siberianWildfires2020,Unknown,11.0,38.0,9.0,57.0,2283.0,50.0,258.0,16.0,11.0,13.0
1158393129235390464,0.25,MultimediaShare,16,siberianWildfires2020,Unknown,11.0,38.0,9.0,57.0,2283.0,50.0,258.0,16.0,11.0,13.0
1158393129235390464,0.25,News,16,siberianWildfires2020,Unknown,11.0,38.0,9.0,57.0,2283.0,50.0,258.0,16.0,11.0,13.0
1158407633038204928,0.25,MultimediaShare,16,siberianWildfires2020,Unknown,11.0,38.0,13.0,61.0,941.0,1380.0,196.0,16.0,11.0,13.0
1158407633038204928,0.25,ContextualInformation,16,siberianWildfires2020,Unknown,11.0,38.0,13.0,61.0,941.0,1380.0,196.0,16.0,11.0,13.0
1158407633038204928,0.25,Location,16,siberianWildfires2020,Unknown,11.0,38.0,13.0,61.0,941.0,1380.0,196.0,16.0,11.0,13.0
1158407633038204928,0.25,MultimediaShare,16,siberianWildfires2020,Unknown,11.0,38.0,13.0,61.0,941.0,1380.0,196.0,16.0,11.0,13.0
1158407633038204928,0.25,News,16,siberianWildfires2020,Unknown,11.0,38.0,13.0,61.0,941.0,1380.0,196.0,16.0,11.0,13.0
1158420557638991872,0.25,Official,17,siberianWildfires2020,Unknown,14.0,12.0,11.0,55.0,3428.0,3231.0,109.0,14.0,11.0,12.0
1158420557638991872,0.25,Location,17,siberianWildfires2020,Unknown,14.0,12.0,11.0,55.0,3428.0,3231.0,109.0,14.0,11.0,12.0
1158420557638991872,0.25,Factoid,17,siberianWildfires2020,Unknown,14.0,12.0,11.0,55.0,3428.0,3231.0,109.0,14.0,11.0,12.0
1158420557638991872,0.25,News,17,siberianWildfires2020,Unknown,14.0,12.0,11.0,55.0,3428.0,3231.0,109.0,14.0,11.0,12.0
1158427750069182464,0.25,Irrelevant,11,siberianWildfires2020,Unknown,3.0,60.0,48.0,256.0,382.0,16.0,4.0,0.0,0.0,0.0
1158427750069182464,0.25,Irrelevant,11,siberianWildfires2020,Unknown,3.0,60.0,48.0,256.0,382.0,16.0,4.0,0.0,0.0,0.0
1158519738684923904,0.25,Location,15,siberianWildfires2020,Unknown,8.0,54.0,7.0,45.0,238.0,208.0,22.0,14.0,11.0,12.0
1158519738684923904,0.25,NewSubEvent,15,siberianWildfires2020,Unknown,8.0,54.0,7.0,45.0,238.0,208.0,22.0,14.0,11.0,12.0
1158519738684923904,0.25,Irrelevant,15,siberianWildfires2020,Unknown,8.0,54.0,7.0,45.0,238.0,208.0,22.0,14.0,11.0,12.0
1158546515188748288,0.375,EmergingThreats,16,siberianWildfires2020,Unknown,10.0,52.0,9.0,69.0,572.0,529.0,107.0,12.0,11.0,11.0
1158546515188748288,0.375,Location,16,siberianWildfires2020,Unknown,10.0,52.0,9.0,69.0,572.0,529.0,107.0,12.0,11.0,11.0
1158546515188748288,0.375,EmergingThreats,16,siberianWildfires2020,Unknown,10.0,52.0,9.0,69.0,572.0,529.0,107.0,12.0,11.0,11.0
1158546515188748288,0.375,MultimediaShare,16,siberianWildfires2020,Unknown,10.0,52.0,9.0,69.0,572.0,529.0,107.0,12.0,11.0,11.0
1158546515188748288,0.375,News,16,siberianWildfires2020,Unknown,10.0,52.0,9.0,69.0,572.0,529.0,107.0,12.0,11.0,11.0
1158609864983273472,0.25,Irrelevant,11,siberianWildfires2020,Unknown,16.0,34.0,11.0,67.0,54.0,42.0,3.0,14.0,11.0,12.0
1158609864983273472,0.25,Irrelevant,11,siberianWildfires2020,Unknown,16.0,34.0,11.0,67.0,54.0,42.0,3.0,14.0,11.0,12.0
1158624895175147520,0.375,NewSubEvent,15,siberianWildfires2020,Unknown,4.0,16.0,7.0,33.0,527.0,415.0,2.0,25.0,11.0,15.0
1158624895175147520,0.375,MultimediaShare,15,siberianWildfires2020,Unknown,4.0,16.0,7.0,33.0,527.0,415.0,2.0,25.0,11.0,15.0
1158624895175147520,0.375,ContextualInformation,15,siberianWildfires2020,Unknown,4.0,16.0,7.0,33.0,527.0,415.0,2.0,25.0,11.0,15.0
1158624895175147520,0.375,Irrelevant,15,siberianWildfires2020,Unknown,4.0,16.0,7.0,33.0,527.0,415.0,2.0,25.0,11.0,15.0
1158662585220100096,0.375,EmergingThreats,11,siberianWildfires2020,Unknown,1.0,52.0,58.0,246.0,13406.0,11902.0,168.0,10.0,11.0,10.0
1158662585220100096,0.375,Factoid,11,siberianWildfires2020,Unknown,1.0,52.0,58.0,246.0,13406.0,11902.0,168.0,10.0,11.0,10.0
1158662585220100096,0.375,ContextualInformation,11,siberianWildfires2020,Unknown,1.0,52.0,58.0,246.0,13406.0,11902.0,168.0,10.0,11.0,10.0
1158662585220100096,0.375,Irrelevant,11,siberianWildfires2020,Unknown,1.0,52.0,58.0,246.0,13406.0,11902.0,168.0,10.0,11.0,10.0
1158668783130513408,0.25,MultimediaShare,14,siberianWildfires2020,Unknown,34.0,24.0,10.0,67.0,1772.0,1623.0,37.0,16.0,11.0,13.0
1158668783130513408,0.25,ContextualInformation,14,siberianWildfires2020,Unknown,34.0,24.0,10.0,67.0,1772.0,1623.0,37.0,16.0,11.0,13.0
1158668783130513408,0.25,Irrelevant,14,siberianWildfires2020,Unknown,34.0,24.0,10.0,67.0,1772.0,1623.0,37.0,16.0,11.0,13.0
1158672883071291392,0.25,ContextualInformation,11,siberianWildfires2020,Unknown,3.0,29.0,10.0,71.0,4922.0,5241.0,0.0,20.0,11.0,14.0
1158672883071291392,0.25,Irrelevant,11,siberianWildfires2020,Unknown,3.0,29.0,10.0,71.0,4922.0,5241.0,0.0,20.0,11.0,14.0
1158675175698771968,0.25,MultimediaShare,14,siberianWildfires2020,Unknown,3.0,29.0,10.0,71.0,68.0,116.0,9.0,20.0,11.0,14.0
1158675175698771968,0.25,ContextualInformation,14,siberianWildfires2020,Unknown,3.0,29.0,10.0,71.0,68.0,116.0,9.0,20.0,11.0,14.0
1158675175698771968,0.25,Irrelevant,14,siberianWildfires2020,Unknown,3.0,29.0,10.0,71.0,68.0,116.0,9.0,20.0,11.0,14.0
1158698880336355328,0.25,MultimediaShare,14,siberianWildfires2020,Unknown,34.0,24.0,10.0,67.0,1892.0,1179.0,18.0,16.0,11.0,13.0
1158698880336355328,0.25,ContextualInformation,14,siberianWildfires2020,Unknown,34.0,24.0,10.0,67.0,1892.0,1179.0,18.0,16.0,11.0,13.0
1158698880336355328,0.25,Irrelevant,14,siberianWildfires2020,Unknown,34.0,24.0,10.0,67.0,1892.0,1179.0,18.0,16.0,11.0,13.0
1158702367573008384,0.25,ContextualInformation,11,siberianWildfires2020,Unknown,6.0,43.0,14.0,69.0,2665.0,3273.0,157.0,11.0,11.0,11.0
1158702367573008384,0.25,Irrelevant,11,siberianWildfires2020,Unknown,6.0,43.0,14.0,69.0,2665.0,3273.0,157.0,11.0,11.0,11.0
1158703346917752832,0.25,MultimediaShare,14,siberianWildfires2020,Unknown,6.0,43.0,14.0,69.0,3.0,2.0,0.0,11.0,11.0,11.0
1158703346917752832,0.25,ContextualInformation,14,siberianWildfires2020,Unknown,6.0,43.0,14.0,69.0,3.0,2.0,0.0,11.0,11.0,11.0
1158703346917752832,0.25,Irrelevant,14,siberianWildfires2020,Unknown,6.0,43.0,14.0,69.0,3.0,2.0,0.0,11.0,11.0,11.0
1158711066265870336,0.25,ContextualInformation,11,siberianWildfires2020,Unknown,7.0,52.0,14.0,69.0,2738.0,2654.0,262.0,11.0,11.0,11.0
1158711066265870336,0.25,Irrelevant,11,siberianWildfires2020,Unknown,7.0,52.0,14.0,69.0,2738.0,2654.0,262.0,11.0,11.0,11.0
1158711105713082368,0.25,MultimediaShare,14,siberianWildfires2020,Unknown,5.0,46.0,7.0,45.0,6.0,107.0,1.0,0.0,0.0,0.0
1158711105713082368,0.25,ContextualInformation,14,siberianWildfires2020,Unknown,5.0,46.0,7.0,45.0,6.0,107.0,1.0,0.0,0.0,0.0
1158711105713082368,0.25,Irrelevant,14,siberianWildfires2020,Unknown,5.0,46.0,7.0,45.0,6.0,107.0,1.0,0.0,0.0,0.0
1158717819313446912,0.25,MultimediaShare,14,siberianWildfires2020,Unknown,7.0,47.0,15.0,80.0,1032.0,1421.0,50.0,22.0,22.0,22.0
1158717819313446912,0.25,Factoid,14,siberianWildfires2020,Unknown,7.0,47.0,15.0,80.0,1032.0,1421.0,50.0,22.0,22.0,22.0
1158717819313446912,0.25,Irrelevant,14,siberianWildfires2020,Unknown,7.0,47.0,15.0,80.0,1032.0,1421.0,50.0,22.0,22.0,22.0
1158720218618847232,0.25,MultimediaShare,17,siberianWildfires2020,Unknown,1.0,57.0,34.0,149.0,14454137.0,539.0,56673.0,0.0,0.0,0.0
1158720218618847232,0.25,Factoid,17,siberianWildfires2020,Unknown,1.0,57.0,34.0,149.0,14454137.0,539.0,56673.0,0.0,0.0,0.0
1158720218618847232,0.25,Official,17,siberianWildfires2020,Unknown,1.0,57.0,34.0,149.0,14454137.0,539.0,56673.0,0.0,0.0,0.0
1158720218618847232,0.25,ContextualInformation,17,siberianWildfires2020,Unknown,1.0,57.0,34.0,149.0,14454137.0,539.0,56673.0,0.0,0.0,0.0
1158720218618847232,0.25,Irrelevant,17,siberianWildfires2020,Unknown,1.0,57.0,34.0,149.0,14454137.0,539.0,56673.0,0.0,0.0,0.0
1158728204775022592,0.25,MultimediaShare,14,siberianWildfires2020,Unknown,4.0,54.0,10.0,58.0,5.0,25.0,0.0,14.0,11.0,12.0
1158728204775022592,0.25,ContextualInformation,14,siberianWildfires2020,Unknown,4.0,54.0,10.0,58.0,5.0,25.0,0.0,14.0,11.0,12.0
1158728204775022592,0.25,Irrelevant,14,siberianWildfires2020,Unknown,4.0,54.0,10.0,58.0,5.0,25.0,0.0,14.0,11.0,12.0
1158728338929618944,0.25,ContextualInformation,11,siberianWildfires2020,Unknown,7.0,47.0,15.0,80.0,520.0,310.0,103.0,22.0,22.0,22.0
1158728338929618944,0.25,Irrelevant,11,siberianWildfires2020,Unknown,7.0,47.0,15.0,80.0,520.0,310.0,103.0,22.0,22.0,22.0
1158729070047367168,0.25,MultimediaShare,14,siberianWildfires2020,Unknown,4.0,56.0,14.0,69.0,17016.0,14365.0,194.0,11.0,11.0,11.0
1158729070047367168,0.25,ContextualInformation,14,siberianWildfires2020,Unknown,4.0,56.0,14.0,69.0,17016.0,14365.0,194.0,11.0,11.0,11.0
1158729070047367168,0.25,Irrelevant,14,siberianWildfires2020,Unknown,4.0,56.0,14.0,69.0,17016.0,14365.0,194.0,11.0,11.0,11.0
1158730157047341056,0.25,MultimediaShare,14,siberianWildfires2020,Unknown,3.0,29.0,10.0,71.0,230.0,771.0,3.0,20.0,11.0,14.0
1158730157047341056,0.25,ContextualInformation,14,siberianWildfires2020,Unknown,3.0,29.0,10.0,71.0,230.0,771.0,3.0,20.0,11.0,14.0
1158730157047341056,0.25,Irrelevant,14,siberianWildfires2020,Unknown,3.0,29.0,10.0,71.0,230.0,771.0,3.0,20.0,11.0,14.0
1158735423830724608,0.25,ContextualInformation,11,siberianWildfires2020,Unknown,4.0,56.0,14.0,69.0,194.0,1225.0,5.0,11.0,11.0,11.0
1158735423830724608,0.25,Irrelevant,11,siberianWildfires2020,Unknown,4.0,56.0,14.0,69.0,194.0,1225.0,5.0,11.0,11.0,11.0
1158745991266353152,0.25,MultimediaShare,14,siberianWildfires2020,Unknown,6.0,49.0,10.0,58.0,2.0,16.0,0.0,14.0,11.0,12.0
1158745991266353152,0.25,ContextualInformation,14,siberianWildfires2020,Unknown,6.0,49.0,10.0,58.0,2.0,16.0,0.0,14.0,11.0,12.0
1158745991266353152,0.25,Irrelevant,14,siberianWildfires2020,Unknown,6.0,49.0,10.0,58.0,2.0,16.0,0.0,14.0,11.0,12.0
1158759125603323904,0.25,MultimediaShare,16,siberianWildfires2020,Unknown,3.0,65.0,8.0,57.0,550.0,720.0,7.0,14.0,11.0,12.0
1158759125603323904,0.25,Location,16,siberianWildfires2020,Unknown,3.0,65.0,8.0,57.0,550.0,720.0,7.0,14.0,11.0,12.0
1158759125603323904,0.25,MultimediaShare,16,siberianWildfires2020,Unknown,3.0,65.0,8.0,57.0,550.0,720.0,7.0,14.0,11.0,12.0
1158759125603323904,0.25,Factoid,16,siberianWildfires2020,Unknown,3.0,65.0,8.0,57.0,550.0,720.0,7.0,14.0,11.0,12.0
1158759125603323904,0.25,News,16,siberianWildfires2020,Unknown,3.0,65.0,8.0,57.0,550.0,720.0,7.0,14.0,11.0,12.0
1158759326091227136,0.25,MultimediaShare,14,siberianWildfires2020,Unknown,7.0,47.0,15.0,80.0,106.0,124.0,0.0,22.0,22.0,22.0
1158759326091227136,0.25,ContextualInformation,14,siberianWildfires2020,Unknown,7.0,47.0,15.0,80.0,106.0,124.0,0.0,22.0,22.0,22.0
1158759326091227136,0.25,Irrelevant,14,siberianWildfires2020,Unknown,7.0,47.0,15.0,80.0,106.0,124.0,0.0,22.0,22.0,22.0
